bidderID;asin;bidorBuy;unixBidTime;bidTime
10970;50184;0.0;1619111229.0;23 Apr 2021 at 1:07:09am PDT
10698;17917;1.0;1620531163.0;9 May 2021 at 11:32:43am PDT
11547;20595;0.0;1620075966.0;4 May 2021 at 5:06:06am PDT
10526;42372;0.0;1621129139.0;16 May 2021 at 9:38:59am PDT
13229;66527;0.0;1621103406.0;16 May 2021 at 2:30:06pm PDT
13847;35895;0.0;1619998619.0;3 May 2021 at 7:36:59pm PDT
10899;67261;0.0;1619376079.0;26 Apr 2021 at 2:41:19am PDT
12677;56823;0.0;1620361812.0;7 May 2021 at 12:30:12pm PDT
11509;11990;0.0;1621299458.0;18 May 2021 at 8:57:38am PDT
12411;41032;0.0;1619465010.0;27 Apr 2021 at 3:23:30pm PDT
14230;61809;0.0;1619980618.0;3 May 2021 at 2:36:58am PDT
14002;59213;0.0;1620524069.0;9 May 2021 at 9:34:29pm PDT
11190;20720;0.0;1620344719.0;7 May 2021 at 7:45:19pm PDT
14449;24462;0.0;1621311729.0;18 May 2021 at 12:22:09pm PDT
13839;16817;0.0;1619308369.0;25 Apr 2021 at 7:52:49pm PDT
14130;67577;0.0;1619582494.0;28 Apr 2021 at 12:01:34am PDT
13229;66527;0.0;1621103419.0;16 May 2021 at 2:30:19pm PDT
11591;16731;0.0;1618681893.0;18 Apr 2021 at 1:51:33pm PDT
14617;5090;0.0;1619825006.0;1 May 2021 at 7:23:26pm PDT
12277;48234;0.0;1620599723.0;10 May 2021 at 6:35:23am PDT
12054;68911;0.0;1620670784.0;11 May 2021 at 2:19:44pm PDT
12949;33972;0.0;1621135477.0;16 May 2021 at 11:24:37am PDT
14301;31701;0.0;1619112111.0;23 Apr 2021 at 1:21:51am PDT
14375;46621;0.0;1619649342.0;29 Apr 2021 at 6:35:42am PDT
11658;37410;0.0;1619211144.0;24 Apr 2021 at 4:52:24pm PDT
13852;60641;0.0;1620181365.0;5 May 2021 at 10:22:45am PDT
13309;20718;0.0;1620074017.0;4 May 2021 at 4:33:37pm PDT
12526;55128;1.0;1621793559.0;24 May 2021 at 2:12:39pm PDT
14249;27320;0.0;1621963224.0;26 May 2021 at 1:20:24am PDT
14082;67063;0.0;1619146576.0;23 Apr 2021 at 10:56:16pm PDT
10649;9633;0.0;1620439799.0;8 May 2021 at 10:09:59pm PDT
12592;46045;0.0;1621139058.0;16 May 2021 at 12:24:18pm PDT
13671;11736;0.0;1621705602.0;23 May 2021 at 1:46:42pm PDT
13287;69401;0.0;1621540598.0;21 May 2021 at 3:56:38am PDT
9842;15246;0.0;1619897273.0;2 May 2021 at 3:27:53am PDT
10796;521;0.0;1619384845.0;26 Apr 2021 at 5:07:25pm PDT
11119;37387;0.0;1618952131.0;21 Apr 2021 at 4:55:31pm PDT
10754;50994;1.0;1620788943.0;12 May 2021 at 11:09:03am PDT
12175;61060;0.0;1621290050.0;18 May 2021 at 6:20:50pm PDT
10441;47549;0.0;1620180990.0;5 May 2021 at 10:16:30am PDT
13798;22419;1.0;1619898563.0;2 May 2021 at 3:49:23am PDT
13163;36690;1.0;1621623618.0;22 May 2021 at 3:00:18am PDT
14640;47716;0.0;1619731030.0;30 Apr 2021 at 5:17:10am PDT
13329;45049;0.0;1620185429.0;5 May 2021 at 11:30:29am PDT
13581;34682;1.0;1621796043.0;24 May 2021 at 2:54:03pm PDT
11475;64102;0.0;1619313915.0;25 Apr 2021 at 9:25:15am PDT
10629;17207;0.0;1619639998.0;29 Apr 2021 at 3:59:58pm PDT
11991;62938;0.0;1620101428.0;4 May 2021 at 12:10:28pm PDT
12766;52240;0.0;1619481323.0;27 Apr 2021 at 7:55:23pm PDT
11694;67088;0.0;1619301437.0;25 Apr 2021 at 5:57:17am PDT
13266;50498;0.0;1619639493.0;29 Apr 2021 at 3:51:33am PDT
11109;39737;0.0;1621728946.0;23 May 2021 at 8:15:46pm PDT
10136;8648;0.0;1620179244.0;5 May 2021 at 9:47:24pm PDT
11690;21076;0.0;1621025486.0;15 May 2021 at 4:51:26am PDT
13242;59280;0.0;1621220078.0;17 May 2021 at 10:54:38am PDT
12852;54879;0.0;1621121196.0;16 May 2021 at 7:26:36am PDT
14439;57211;0.0;1620701000.0;11 May 2021 at 10:43:20am PDT
12039;68309;1.0;1620688434.0;11 May 2021 at 7:13:54am PDT
10826;990;0.0;1620002108.0;3 May 2021 at 8:35:08am PDT
12891;1807;0.0;1620532812.0;9 May 2021 at 12:00:12pm PDT
12567;60989;0.0;1620960232.0;14 May 2021 at 10:43:52am PDT
11122;67671;0.0;1620177784.0;5 May 2021 at 9:23:04am PDT
13512;4977;0.0;1619743840.0;30 Apr 2021 at 8:50:40am PDT
14569;67927;0.0;1619818230.0;1 May 2021 at 5:30:30am PDT
10444;13089;0.0;1619754088.0;30 Apr 2021 at 11:41:28am PDT
11499;18063;0.0;1620425446.0;8 May 2021 at 6:10:46pm PDT
11084;6245;0.0;1620177997.0;5 May 2021 at 9:26:37pm PDT
14298;68396;1.0;1620759416.0;12 May 2021 at 2:56:56am PDT
13166;19699;0.0;1619919785.0;2 May 2021 at 9:43:05am PDT
12332;35814;1.0;1620510058.0;9 May 2021 at 5:40:58am PDT
14278;745;0.0;1619919324.0;2 May 2021 at 9:35:24am PDT
13504;63644;0.0;1621206574.0;17 May 2021 at 7:09:34am PDT
10121;985;0.0;1619809334.0;1 May 2021 at 3:02:14pm PDT
13569;6530;0.0;1620260190.0;6 May 2021 at 8:16:30pm PDT
9629;31516;0.0;1621309846.0;18 May 2021 at 11:50:46am PDT
11933;45617;0.0;1620949981.0;14 May 2021 at 7:53:01am PDT
12798;57068;0.0;1621105079.0;16 May 2021 at 2:57:59am PDT
12476;60172;0.0;1619649625.0;29 Apr 2021 at 6:40:25am PDT
13790;55351;0.0;1619390446.0;26 Apr 2021 at 6:40:46am PDT
12578;65308;0.0;1621619900.0;22 May 2021 at 1:58:20am PDT
14596;9265;0.0;1620407871.0;8 May 2021 at 1:17:51pm PDT
10772;22780;0.0;1619824508.0;1 May 2021 at 7:15:08am PDT
11186;12880;0.0;1619922176.0;2 May 2021 at 10:22:56am PDT
13895;64190;0.0;1619931074.0;2 May 2021 at 12:51:14pm PDT
11894;68855;0.0;1620783935.0;12 May 2021 at 9:45:35pm PDT
13875;43463;0.0;1619288638.0;25 Apr 2021 at 2:23:58pm PDT
14327;6952;0.0;1620276099.0;6 May 2021 at 12:41:39am PDT
11016;17649;0.0;1619805689.0;1 May 2021 at 2:01:29pm PDT
12561;52073;0.0;1619314339.0;25 Apr 2021 at 9:32:19pm PDT
13267;658;0.0;1619836295.0;1 May 2021 at 10:31:35pm PDT
11809;25882;0.0;1619906271.0;2 May 2021 at 5:57:51am PDT
12202;51835;0.0;1621456975.0;20 May 2021 at 4:42:55pm PDT
10898;25069;0.0;1619574482.0;28 Apr 2021 at 9:48:02pm PDT
13688;49994;0.0;1618893268.0;20 Apr 2021 at 12:34:28pm PDT
11497;47724;0.0;1619643435.0;29 Apr 2021 at 4:57:15pm PDT
14049;58194;0.0;1619802490.0;1 May 2021 at 1:08:10am PDT
12514;49571;0.0;1621394415.0;19 May 2021 at 11:20:15pm PDT
11101;59394;1.0;1621276648.0;18 May 2021 at 2:37:28pm PDT
11929;46056;0.0;1621557343.0;21 May 2021 at 8:35:43pm PDT
12885;55999;0.0;1619816498.0;1 May 2021 at 5:01:38am PDT
14711;3648;0.0;1619289686.0;25 Apr 2021 at 2:41:26am PDT
12764;35311;0.0;1619406739.0;26 Apr 2021 at 11:12:19am PDT
13981;49780;0.0;1621884068.0;25 May 2021 at 3:21:08pm PDT
10604;45219;0.0;1620943570.0;14 May 2021 at 6:06:10am PDT
10783;44295;0.0;1619632667.0;29 Apr 2021 at 1:57:47pm PDT
10961;49620;0.0;1621450819.0;20 May 2021 at 3:00:19am PDT
10438;59889;0.0;1619201932.0;24 Apr 2021 at 2:18:52pm PDT
14671;57479;0.0;1621271101.0;18 May 2021 at 1:05:01pm PDT
11608;66589;0.0;1620669119.0;11 May 2021 at 1:51:59pm PDT
11442;58906;0.0;1620933306.0;14 May 2021 at 3:15:06pm PDT
14270;50596;0.0;1620007106.0;3 May 2021 at 9:58:26am PDT
13224;49120;0.0;1620928802.0;14 May 2021 at 2:00:02pm PDT
13765;13494;0.0;1620504366.0;9 May 2021 at 4:06:06am PDT
11790;65594;0.0;1619041328.0;22 Apr 2021 at 5:42:08am PDT
10436;13224;0.0;1619984990.0;3 May 2021 at 3:49:50pm PDT
14344;2637;0.0;1621567847.0;21 May 2021 at 11:30:47pm PDT
13558;47766;0.0;1620323189.0;7 May 2021 at 1:46:29am PDT
10692;60336;0.0;1620185456.0;5 May 2021 at 11:30:56am PDT
13205;53219;0.0;1621134620.0;16 May 2021 at 11:10:20am PDT
13920;47089;0.0;1619209139.0;24 Apr 2021 at 4:18:59pm PDT
10906;23307;0.0;1620417014.0;8 May 2021 at 3:50:14pm PDT
10624;65728;0.0;1619561135.0;28 Apr 2021 at 6:05:35am PDT
10367;11250;1.0;1621532040.0;21 May 2021 at 1:34:00pm PDT
10706;11018;0.0;1620875701.0;13 May 2021 at 11:15:01pm PDT
14151;8133;0.0;1620937378.0;14 May 2021 at 4:22:58pm PDT
11008;8993;0.0;1620878173.0;13 May 2021 at 11:56:13am PDT
13740;25885;0.0;1620446160.0;8 May 2021 at 11:56:00pm PDT
12419;62081;0.0;1620447886.0;8 May 2021 at 12:24:46am PDT
11459;49819;0.0;1621911554.0;25 May 2021 at 10:59:14pm PDT
9969;58711;0.0;1619926132.0;2 May 2021 at 11:28:52am PDT
13974;4248;0.0;1618942509.0;21 Apr 2021 at 2:15:09am PDT
12373;21034;0.0;1620509654.0;9 May 2021 at 5:34:14pm PDT
10587;52092;0.0;1619488014.0;27 Apr 2021 at 9:46:54am PDT
12450;47900;0.0;1620355244.0;7 May 2021 at 10:40:44pm PDT
12901;48469;1.0;1620760442.0;12 May 2021 at 3:14:02pm PDT
11400;48359;1.0;1620152993.0;5 May 2021 at 2:29:53pm PDT
13230;32103;0.0;1619569689.0;28 Apr 2021 at 8:28:09am PDT
12590;37644;1.0;1619391263.0;26 Apr 2021 at 6:54:23am PDT
13748;24510;0.0;1621879171.0;25 May 2021 at 1:59:31pm PDT
14607;48269;0.0;1620408388.0;8 May 2021 at 1:26:28pm PDT
14216;67739;0.0;1620275612.0;6 May 2021 at 12:33:32am PDT
14125;49381;0.0;1621450719.0;20 May 2021 at 2:58:39pm PDT
13002;43437;1.0;1619391747.0;26 Apr 2021 at 7:02:27am PDT
11078;7049;0.0;1620013541.0;3 May 2021 at 11:45:41am PDT
9890;34959;0.0;1619311855.0;25 Apr 2021 at 8:50:55am PDT
14692;47712;0.0;1619735705.0;30 Apr 2021 at 6:35:05pm PDT
14005;8307;0.0;1620674945.0;11 May 2021 at 3:29:05pm PDT
10771;17564;0.0;1620066290.0;4 May 2021 at 2:24:50pm PDT
11538;45238;0.0;1620340219.0;7 May 2021 at 6:30:19pm PDT
10145;51579;0.0;1621564221.0;21 May 2021 at 10:30:21am PDT
13881;25411;0.0;1619553744.0;28 Apr 2021 at 4:02:24pm PDT
13968;22656;0.0;1619667432.0;29 Apr 2021 at 11:37:12pm PDT
10301;61634;0.0;1619292607.0;25 Apr 2021 at 3:30:07pm PDT
12717;24141;0.0;1621186753.0;17 May 2021 at 1:39:13am PDT
10002;39059;0.0;1620529503.0;9 May 2021 at 11:05:03am PDT
10800;45472;0.0;1621047923.0;15 May 2021 at 11:05:23pm PDT
9845;36912;0.0;1618594876.0;17 Apr 2021 at 1:41:16am PDT
14606;58541;0.0;1619922146.0;2 May 2021 at 10:22:26am PDT
14519;26270;0.0;1620794842.0;12 May 2021 at 12:47:22pm PDT
14347;50143;0.0;1619917874.0;2 May 2021 at 9:11:14am PDT
13528;65974;0.0;1620001109.0;3 May 2021 at 8:18:29am PDT
12452;28499;0.0;1620268401.0;6 May 2021 at 10:33:21am PDT
10789;57502;0.0;1621195033.0;17 May 2021 at 3:57:13am PDT
10651;36194;0.0;1620927929.0;14 May 2021 at 1:45:29pm PDT
13362;5891;0.0;1620084885.0;4 May 2021 at 7:34:45pm PDT
11057;26837;1.0;1621547689.0;21 May 2021 at 5:54:49am PDT
11747;9104;0.0;1620757185.0;12 May 2021 at 2:19:45pm PDT
13640;65742;0.0;1619384967.0;26 Apr 2021 at 5:09:27am PDT
12784;3732;0.0;1618972069.0;21 Apr 2021 at 10:27:49am PDT
11345;47102;0.0;1619729332.0;30 Apr 2021 at 4:48:52pm PDT
10465;45939;0.0;1621479510.0;20 May 2021 at 10:58:30am PDT
11915;67477;0.0;1619649564.0;29 Apr 2021 at 6:39:24am PDT
11447;11433;0.0;1621829518.0;24 May 2021 at 12:11:58pm PDT
9998;15324;0.0;1619814057.0;1 May 2021 at 4:20:57am PDT
11337;26446;1.0;1621047038.0;15 May 2021 at 10:50:38am PDT
11684;25870;0.0;1619908826.0;2 May 2021 at 6:40:26am PDT
14667;7819;0.0;1620102824.0;4 May 2021 at 12:33:44am PDT
10584;54279;0.0;1619725376.0;30 Apr 2021 at 3:42:56pm PDT
11451;62835;0.0;1619920106.0;2 May 2021 at 9:48:26am PDT
10113;781;0.0;1619841395.0;1 May 2021 at 11:56:35pm PDT
11637;25478;0.0;1620063149.0;4 May 2021 at 1:32:29am PDT
13395;60755;0.0;1620693194.0;11 May 2021 at 8:33:14am PDT
9609;34933;0.0;1619313607.0;25 Apr 2021 at 9:20:07am PDT
11676;9963;0.0;1621139830.0;16 May 2021 at 12:37:10pm PDT
14088;6289;0.0;1619663216.0;29 Apr 2021 at 10:26:56pm PDT
13494;17330;0.0;1619988113.0;3 May 2021 at 4:41:53am PDT
14403;10795;0.0;1620841671.0;13 May 2021 at 1:47:51am PDT
11889;64672;0.0;1620424947.0;8 May 2021 at 6:02:27am PDT
12589;64119;1.0;1619486807.0;27 Apr 2021 at 9:26:47am PDT
12009;20800;0.0;1620782948.0;12 May 2021 at 9:29:08am PDT
12888;44312;0.0;1619658475.0;29 Apr 2021 at 9:07:55pm PDT
13161;38460;0.0;1620532107.0;9 May 2021 at 11:48:27am PDT
11894;35218;0.0;1619744585.0;30 Apr 2021 at 9:03:05am PDT
13858;63855;0.0;1619234607.0;24 Apr 2021 at 11:23:27am PDT
11491;13281;0.0;1620182390.0;5 May 2021 at 10:39:50am PDT
13224;49120;0.0;1620925786.0;14 May 2021 at 1:09:46pm PDT
13948;10474;0.0;1620615900.0;10 May 2021 at 11:05:00pm PDT
10189;40724;0.0;1619288523.0;25 Apr 2021 at 2:22:03pm PDT
12595;25254;0.0;1619394651.0;26 Apr 2021 at 7:50:51am PDT
13839;1266;0.0;1620448362.0;8 May 2021 at 12:32:42am PDT
11187;26323;0.0;1620873183.0;13 May 2021 at 10:33:03am PDT
12661;21149;1.0;1621136533.0;16 May 2021 at 11:42:13am PDT
12251;57719;0.0;1621987985.0;26 May 2021 at 8:13:05am PDT
11978;13387;0.0;1620585192.0;10 May 2021 at 2:33:12am PDT
13582;37273;0.0;1619403606.0;26 Apr 2021 at 10:20:06pm PDT
12862;39603;0.0;1621741346.0;23 May 2021 at 11:42:26am PDT
14525;32175;0.0;1619476819.0;27 Apr 2021 at 6:40:19am PDT
11270;66611;0.0;1621210635.0;17 May 2021 at 8:17:15pm PDT
11855;26986;0.0;1621533498.0;21 May 2021 at 1:58:18am PDT
12324;31209;0.0;1621274382.0;18 May 2021 at 1:59:42pm PDT
13911;29336;1.0;1621298139.0;18 May 2021 at 8:35:39pm PDT
14439;25139;1.0;1619379852.0;26 Apr 2021 at 3:44:12am PDT
14043;34371;0.0;1621051473.0;15 May 2021 at 12:04:33pm PDT
13470;38656;0.0;1620602381.0;10 May 2021 at 7:19:41pm PDT
12606;56731;0.0;1620581521.0;10 May 2021 at 1:32:01am PDT
13917;30170;0.0;1620102135.0;4 May 2021 at 12:22:15am PDT
12197;44004;0.0;1619916940.0;2 May 2021 at 8:55:40pm PDT
14124;7082;0.0;1620245859.0;6 May 2021 at 4:17:39am PDT
14549;40730;0.0;1619907595.0;2 May 2021 at 6:19:55am PDT
14677;904;0.0;1619637216.0;29 Apr 2021 at 3:13:36pm PDT
12812;35819;0.0;1620525264.0;9 May 2021 at 9:54:24am PDT
12323;56057;0.0;1619663555.0;29 Apr 2021 at 10:32:35am PDT
10614;7422;0.0;1619922369.0;2 May 2021 at 10:26:09pm PDT
13858;63855;0.0;1619141215.0;23 Apr 2021 at 9:26:55am PDT
11675;12782;0.0;1619140193.0;23 Apr 2021 at 9:09:53am PDT
12642;59880;0.0;1619202977.0;24 Apr 2021 at 2:36:17am PDT
12822;6107;0.0;1620069075.0;4 May 2021 at 3:11:15pm PDT
10327;24672;0.0;1618858363.0;20 Apr 2021 at 2:52:43am PDT
12902;19770;0.0;1619237572.0;24 Apr 2021 at 12:12:52am PDT
11678;39083;0.0;1620666173.0;11 May 2021 at 1:02:53pm PDT
12266;33274;0.0;1619975935.0;3 May 2021 at 1:18:55am PDT
11712;35842;0.0;1620505714.0;9 May 2021 at 4:28:34am PDT
14656;17507;0.0;1620092887.0;4 May 2021 at 9:48:07am PDT
12619;25242;0.0;1620583818.0;10 May 2021 at 2:10:18am PDT
12196;28827;0.0;1621046525.0;15 May 2021 at 10:42:05am PDT
14080;55969;0.0;1619553463.0;28 Apr 2021 at 3:57:43am PDT
13401;49070;0.0;1620880845.0;13 May 2021 at 12:40:45pm PDT
11335;27911;0.0;1619406599.0;26 Apr 2021 at 11:09:59am PDT
12860;4578;0.0;1619565270.0;28 Apr 2021 at 7:14:30pm PDT
13119;61086;1.0;1621657336.0;22 May 2021 at 12:22:16am PDT
12885;55999;0.0;1619816487.0;1 May 2021 at 5:01:27am PDT
12741;57919;0.0;1618867345.0;20 Apr 2021 at 5:22:25am PDT
13918;46056;0.0;1621557282.0;21 May 2021 at 8:34:42pm PDT
14739;61241;0.0;1621533584.0;21 May 2021 at 1:59:44am PDT
11311;49234;0.0;1621451882.0;20 May 2021 at 3:18:02am PDT
14380;11304;0.0;1621535661.0;21 May 2021 at 2:34:21pm PDT
14744;44766;0.0;1619978343.0;3 May 2021 at 1:59:03pm PDT
13318;39567;0.0;1621138773.0;16 May 2021 at 12:19:33pm PDT
14524;49254;0.0;1621541083.0;21 May 2021 at 4:04:43pm PDT
14276;63853;0.0;1618706377.0;18 Apr 2021 at 8:39:37pm PDT
11079;46195;0.0;1621357288.0;19 May 2021 at 1:01:28pm PDT
12712;28041;0.0;1619899544.0;2 May 2021 at 4:05:44pm PDT
12850;50760;0.0;1620519399.0;9 May 2021 at 8:16:39am PDT
12439;24249;0.0;1621642751.0;22 May 2021 at 8:19:11am PDT
13380;45934;1.0;1621650522.0;22 May 2021 at 10:28:42am PDT
11258;36202;0.0;1620929190.0;14 May 2021 at 2:06:30pm PDT
11281;48380;0.0;1620189589.0;5 May 2021 at 12:39:49pm PDT
13981;43579;0.0;1619656045.0;29 Apr 2021 at 8:27:25am PDT
12302;65472;0.0;1619238035.0;24 Apr 2021 at 12:20:35am PDT
12672;47671;0.0;1620270248.0;6 May 2021 at 11:04:08am PDT
12297;462;0.0;1619485927.0;27 Apr 2021 at 9:12:07am PDT
13223;63261;0.0;1620529079.0;9 May 2021 at 10:57:59pm PDT
11750;68566;0.0;1620525365.0;9 May 2021 at 9:56:05pm PDT
14179;44977;0.0;1620422717.0;8 May 2021 at 5:25:17am PDT
14274;31891;0.0;1619579929.0;28 Apr 2021 at 11:18:49am PDT
14234;11575;0.0;1621557554.0;21 May 2021 at 8:39:14pm PDT
12471;59252;0.0;1620948843.0;14 May 2021 at 7:34:03am PDT
13111;41262;0.0;1619902011.0;2 May 2021 at 4:46:51am PDT
11258;36202;0.0;1620926566.0;14 May 2021 at 1:22:46pm PDT
13600;43845;0.0;1619222827.0;24 Apr 2021 at 8:07:07pm PDT
13700;30198;0.0;1620525599.0;9 May 2021 at 9:59:59am PDT
11719;23147;0.0;1619926084.0;2 May 2021 at 11:28:04am PDT
10317;53453;0.0;1621449708.0;20 May 2021 at 2:41:48pm PDT
12131;51794;1.0;1621828029.0;24 May 2021 at 11:47:09am PDT
10536;63397;0.0;1620518575.0;9 May 2021 at 8:02:55am PDT
12558;40271;0.0;1619143458.0;23 Apr 2021 at 10:04:18am PDT
11906;52471;0.0;1620162415.0;5 May 2021 at 5:06:55am PDT
14206;5238;0.0;1619918580.0;2 May 2021 at 9:23:00am PDT
13844;28175;0.0;1620235494.0;6 May 2021 at 1:24:54pm PDT
12791;12691;0.0;1619051274.0;22 Apr 2021 at 8:27:54pm PDT
13850;21142;0.0;1621132214.0;16 May 2021 at 10:30:14am PDT
10927;66535;0.0;1621200855.0;17 May 2021 at 5:34:15am PDT
12518;27569;0.0;1618852274.0;20 Apr 2021 at 1:11:14pm PDT
13807;9097;0.0;1620781186.0;12 May 2021 at 8:59:46am PDT
12492;56031;1.0;1619996727.0;3 May 2021 at 7:05:27am PDT
13389;8152;0.0;1620677499.0;11 May 2021 at 4:11:39pm PDT
9705;7331;0.0;1620444136.0;8 May 2021 at 11:22:16am PDT
12315;66774;0.0;1621018314.0;15 May 2021 at 2:51:54pm PDT
10640;12022;1.0;1621793297.0;24 May 2021 at 2:08:17pm PDT
12228;28255;1.0;1620443533.0;8 May 2021 at 11:12:13am PDT
14340;22309;0.0;1619649449.0;29 Apr 2021 at 6:37:29am PDT
11933;11750;0.0;1621107772.0;16 May 2021 at 3:42:52pm PDT
10808;29251;0.0;1621374484.0;19 May 2021 at 5:48:04pm PDT
13314;61094;0.0;1621395904.0;19 May 2021 at 11:45:04pm PDT
14604;40315;0.0;1619662300.0;29 Apr 2021 at 10:11:40am PDT
13509;67845;1.0;1620240424.0;6 May 2021 at 2:47:04pm PDT
11578;50091;0.0;1619576309.0;28 Apr 2021 at 10:18:29am PDT
9617;45726;0.0;1621017802.0;15 May 2021 at 2:43:22am PDT
12363;59283;0.0;1620583487.0;10 May 2021 at 2:04:47pm PDT
10485;53429;0.0;1621472723.0;20 May 2021 at 9:05:23am PDT
10796;31775;0.0;1618799426.0;19 Apr 2021 at 10:30:26am PDT
12481;53653;0.0;1621289547.0;18 May 2021 at 6:12:27pm PDT
14078;3575;0.0;1619302617.0;25 Apr 2021 at 6:16:57pm PDT
9601;65452;0.0;1619315248.0;25 Apr 2021 at 9:47:28am PDT
11527;16563;0.0;1619117866.0;23 Apr 2021 at 2:57:46am PDT
12399;35774;1.0;1620505319.0;9 May 2021 at 4:21:59am PDT
11742;19986;0.0;1620009879.0;3 May 2021 at 10:44:39am PDT
13365;13633;0.0;1620499536.0;9 May 2021 at 2:45:36am PDT
12562;47717;0.0;1620443478.0;8 May 2021 at 11:11:18pm PDT
12668;45045;0.0;1620185581.0;5 May 2021 at 11:33:01am PDT
12942;61552;0.0;1619928263.0;2 May 2021 at 12:04:23am PDT
12399;53183;0.0;1620857101.0;13 May 2021 at 6:05:01pm PDT
12765;39824;0.0;1621729679.0;23 May 2021 at 8:27:59pm PDT
13147;7409;1.0;1620498549.0;9 May 2021 at 2:29:09pm PDT
14645;11403;0.0;1621568251.0;21 May 2021 at 11:37:31pm PDT
14168;26173;0.0;1620187819.0;5 May 2021 at 12:10:19am PDT
11296;43090;0.0;1619476520.0;27 Apr 2021 at 6:35:20pm PDT
13310;767;0.0;1619379859.0;26 Apr 2021 at 3:44:19am PDT
10435;22074;0.0;1618805516.0;19 Apr 2021 at 12:11:56pm PDT
13587;1133;1.0;1620078972.0;4 May 2021 at 5:56:12pm PDT
13549;7089;0.0;1620428261.0;8 May 2021 at 6:57:41pm PDT
12947;21897;0.0;1618780033.0;19 Apr 2021 at 5:07:13pm PDT
12060;52291;1.0;1619920330.0;2 May 2021 at 9:52:10am PDT
12240;37973;0.0;1619840720.0;1 May 2021 at 11:45:20am PDT
10463;49732;0.0;1621635630.0;22 May 2021 at 6:20:30am PDT
14565;68032;0.0;1620415479.0;8 May 2021 at 3:24:39pm PDT
14689;64891;0.0;1620426909.0;8 May 2021 at 6:35:09pm PDT
14522;34802;0.0;1621810924.0;24 May 2021 at 7:02:04am PDT
11547;17942;0.0;1620362444.0;7 May 2021 at 12:40:44pm PDT
11329;44228;0.0;1619575447.0;28 Apr 2021 at 10:04:07pm PDT
14556;18365;0.0;1620407167.0;8 May 2021 at 1:06:07pm PDT
10261;66960;0.0;1621976128.0;26 May 2021 at 4:55:28pm PDT
10328;15387;0.0;1619891960.0;2 May 2021 at 1:59:20am PDT
13812;917;0.0;1619458744.0;27 Apr 2021 at 1:39:04pm PDT
11541;18115;0.0;1620680128.0;11 May 2021 at 4:55:28am PDT
11341;48648;0.0;1620956398.0;14 May 2021 at 9:39:58am PDT
13832;42920;0.0;1621740954.0;23 May 2021 at 11:35:54am PDT
12083;36315;0.0;1620528115.0;9 May 2021 at 10:41:55am PDT
12401;31387;0.0;1621628599.0;22 May 2021 at 4:23:19am PDT
10443;34;0.0;1619214946.0;24 Apr 2021 at 5:55:46am PDT
12609;56091;0.0;1620149790.0;5 May 2021 at 1:36:30am PDT
10530;1723;0.0;1620441235.0;8 May 2021 at 10:33:55am PDT
11943;60813;0.0;1620790984.0;12 May 2021 at 11:43:04am PDT
9632;61455;0.0;1619288702.0;25 Apr 2021 at 2:25:02pm PDT
11590;47068;1.0;1619838050.0;1 May 2021 at 11:00:50am PDT
13092;9438;0.0;1620408413.0;8 May 2021 at 1:26:53pm PDT
13013;35464;0.0;1619546820.0;28 Apr 2021 at 2:07:00pm PDT
13566;8630;0.0;1620754056.0;12 May 2021 at 1:27:36pm PDT
12638;19684;0.0;1619112147.0;23 Apr 2021 at 1:22:27pm PDT
10120;29956;0.0;1619839499.0;1 May 2021 at 11:24:59pm PDT
11754;67983;0.0;1619990323.0;3 May 2021 at 5:18:43pm PDT
10838;44137;0.0;1619805697.0;1 May 2021 at 2:01:37pm PDT
13673;47857;0.0;1619823632.0;1 May 2021 at 7:00:32am PDT
11256;64199;0.0;1620084632.0;4 May 2021 at 7:30:32pm PDT
11337;20174;0.0;1620159941.0;5 May 2021 at 4:25:41pm PDT
10526;54349;1.0;1620447537.0;8 May 2021 at 12:18:57pm PDT
12914;1238;0.0;1619929774.0;2 May 2021 at 12:29:34pm PDT
10230;44016;0.0;1619830803.0;1 May 2021 at 9:00:03pm PDT
12517;20570;0.0;1620015531.0;3 May 2021 at 12:18:51am PDT
12852;29367;0.0;1621284846.0;18 May 2021 at 4:54:06pm PDT
12050;7825;0.0;1620527482.0;9 May 2021 at 10:31:22pm PDT
13322;25193;0.0;1619322813.0;25 Apr 2021 at 11:53:33am PDT
11111;27310;0.0;1621651455.0;22 May 2021 at 10:44:15am PDT
12236;40011;0.0;1621460468.0;20 May 2021 at 5:41:08am PDT
10071;16300;1.0;1621398252.0;19 May 2021 at 12:24:12pm PDT
12490;47306;0.0;1620004259.0;3 May 2021 at 9:10:59am PDT
14786;45538;0.0;1621015009.0;15 May 2021 at 1:56:49pm PDT
11366;52570;0.0;1620348367.0;7 May 2021 at 8:46:07am PDT
14545;45604;0.0;1620871572.0;13 May 2021 at 10:06:12pm PDT
13090;4419;0.0;1619561641.0;28 Apr 2021 at 6:14:01am PDT
13408;46385;0.0;1621901668.0;25 May 2021 at 8:14:28pm PDT
12089;51814;1.0;1621565999.0;21 May 2021 at 10:59:59am PDT
10800;44364;0.0;1619988875.0;3 May 2021 at 4:54:35am PDT
12453;53863;0.0;1619238244.0;24 Apr 2021 at 12:24:04pm PDT
13854;17467;0.0;1619468018.0;27 Apr 2021 at 4:13:38pm PDT
12840;58601;0.0;1620255114.0;6 May 2021 at 6:51:54pm PDT
12586;43197;0.0;1618709047.0;18 Apr 2021 at 9:24:07pm PDT
14572;14949;0.0;1619479782.0;27 Apr 2021 at 7:29:42pm PDT
11337;49742;0.0;1621625823.0;22 May 2021 at 3:37:03am PDT
14279;25314;0.0;1619818003.0;1 May 2021 at 5:26:43am PDT
10688;3669;0.0;1618867768.0;20 Apr 2021 at 5:29:28am PDT
12150;66540;0.0;1621032570.0;15 May 2021 at 6:49:30am PDT
11970;27877;0.0;1619461126.0;27 Apr 2021 at 2:18:46am PDT
13284;38937;0.0;1620871304.0;13 May 2021 at 10:01:44am PDT
12103;67019;0.0;1621800102.0;24 May 2021 at 4:01:42am PDT
13780;60530;0.0;1620433840.0;8 May 2021 at 8:30:40pm PDT
13264;43036;0.0;1621555975.0;21 May 2021 at 8:12:55pm PDT
13697;30090;0.0;1620274034.0;6 May 2021 at 12:07:14am PDT
14310;12787;0.0;1619221453.0;24 Apr 2021 at 7:44:13pm PDT
13310;767;0.0;1619379955.0;26 Apr 2021 at 3:45:55am PDT
14569;67927;0.0;1619816859.0;1 May 2021 at 5:07:39am PDT
12623;4336;0.0;1619485743.0;27 Apr 2021 at 9:09:03pm PDT
12861;37046;0.0;1618768049.0;19 Apr 2021 at 1:47:29am PDT
11448;65194;0.0;1621550708.0;21 May 2021 at 6:45:08am PDT
14449;24462;0.0;1621371199.0;19 May 2021 at 4:53:19am PDT

5294;55073;0.0;1621374873.0;19 May 2021 at 5:54:33am PDT
5294;55073;0.0;1621374870.0;19 May 2021 at 5:54:30am PDT
5294;55073;0.0;1621374866.0;19 May 2021 at 5:54:26am PDT
5294;55073;0.0;1621374857.0;19 May 2021 at 5:54:17am PDT
5290;55073;0.0;1621364344.0;19 May 2021 at 2:59:04am PDT
5290;55073;0.0;1621364339.0;19 May 2021 at 2:58:59am PDT
588;55073;0.0;1621400135.0;19 May 2021 at 12:55:35pm PDT
588;55073;0.0;1621400132.0;19 May 2021 at 12:55:32pm PDT
588;55073;0.0;1621391854.0;19 May 2021 at 10:37:34am PDT
11015;21748;1.0;1621876156.0;25 May 2021 at 1:09:16pm PDT
2335;21748;0.0;1621399846.0;19 May 2021 at 12:50:46pm PDT
2335;21748;0.0;1621399840.0;19 May 2021 at 12:50:40pm PDT
2335;21748;0.0;1621302413.0;18 May 2021 at 9:46:53pm PDT
2335;21748;0.0;1621302410.0;18 May 2021 at 9:46:50pm PDT
2335;21748;0.0;1621302408.0;18 May 2021 at 9:46:48pm PDT
2335;21748;0.0;1621302405.0;18 May 2021 at 9:46:45pm PDT
2335;21748;0.0;1621302403.0;18 May 2021 at 9:46:43pm PDT
2335;21748;0.0;1621273724.0;18 May 2021 at 1:48:44pm PDT
2335;21748;0.0;1621273672.0;18 May 2021 at 1:47:52pm PDT
12337;50583;0.0;1620249218.0;6 May 2021 at 5:13:38pm PDT
12048;50583;0.0;1620271390.0;6 May 2021 at 11:23:10am PDT
12048;50583;0.0;1620017249.0;3 May 2021 at 12:47:29pm PDT
12048;50583;0.0;1620017238.0;3 May 2021 at 12:47:18pm PDT
12048;50583;0.0;1620004733.0;3 May 2021 at 9:18:53pm PDT
12048;50583;0.0;1620004718.0;3 May 2021 at 9:18:38pm PDT
12048;50583;0.0;1620004698.0;3 May 2021 at 9:18:18pm PDT
7922;50583;0.0;1619893992.0;2 May 2021 at 2:33:12pm PDT
2180;50583;0.0;1619725241.0;30 Apr 2021 at 3:40:41am PDT
1653;50583;0.0;1620361845.0;7 May 2021 at 12:30:45am PDT
10091;27001;0.0;1621653644.0;22 May 2021 at 11:20:44pm PDT
10091;27001;0.0;1621557227.0;21 May 2021 at 8:33:47am PDT
10091;27001;0.0;1621374758.0;19 May 2021 at 5:52:38am PDT
10091;27001;0.0;1621374756.0;19 May 2021 at 5:52:36am PDT
10091;27001;0.0;1621301677.0;18 May 2021 at 9:34:37am PDT
10091;27001;0.0;1621297887.0;18 May 2021 at 8:31:27pm PDT
10091;27001;0.0;1621289904.0;18 May 2021 at 6:18:24am PDT
10091;27001;0.0;1621133814.0;16 May 2021 at 10:56:54am PDT
7963;27001;0.0;1621204205.0;17 May 2021 at 6:30:05pm PDT
2452;27001;0.0;1621478904.0;20 May 2021 at 10:48:24pm PDT
2095;21887;0.0;1618950770.0;21 Apr 2021 at 4:32:50am PDT
2095;21887;0.0;1618949742.0;21 Apr 2021 at 4:15:42am PDT
2095;21887;0.0;1618949737.0;21 Apr 2021 at 4:15:37am PDT
2095;21887;0.0;1618866724.0;20 Apr 2021 at 5:12:04am PDT
2095;21887;0.0;1618546296.0;16 Apr 2021 at 12:11:36pm PDT
2095;21887;0.0;1618542968.0;16 Apr 2021 at 11:16:08pm PDT
1760;21887;0.0;1619039162.0;22 Apr 2021 at 5:06:02pm PDT
1760;21887;0.0;1619039154.0;22 Apr 2021 at 5:05:54pm PDT
1760;21887;0.0;1618949511.0;21 Apr 2021 at 4:11:51pm PDT
92;21887;0.0;1619051107.0;22 Apr 2021 at 8:25:07am PDT
7473;26973;0.0;1621277909.0;18 May 2021 at 2:58:29am PDT
7473;26973;0.0;1621277903.0;18 May 2021 at 2:58:23am PDT
7473;26973;0.0;1621277898.0;18 May 2021 at 2:58:18am PDT
7473;26973;0.0;1621277893.0;18 May 2021 at 2:58:13am PDT
7473;26973;0.0;1621277887.0;18 May 2021 at 2:58:07am PDT
7473;26973;0.0;1621277878.0;18 May 2021 at 2:57:58am PDT
7473;26973;0.0;1621277873.0;18 May 2021 at 2:57:53am PDT
7473;26973;0.0;1621277868.0;18 May 2021 at 2:57:48am PDT
7473;26973;0.0;1621277863.0;18 May 2021 at 2:57:43am PDT
7473;26973;0.0;1621189677.0;17 May 2021 at 2:27:57am PDT
4867;54925;0.0;1621553468.0;21 May 2021 at 7:31:08am PDT
4867;54925;0.0;1621553466.0;21 May 2021 at 7:31:06am PDT
4867;54925;0.0;1621553464.0;21 May 2021 at 7:31:04am PDT
4867;54925;0.0;1621553250.0;21 May 2021 at 7:27:30am PDT
4867;54925;0.0;1621553245.0;21 May 2021 at 7:27:25am PDT
4867;54925;0.0;1621453317.0;20 May 2021 at 3:41:57pm PDT
4867;54925;0.0;1621453314.0;20 May 2021 at 3:41:54pm PDT
4867;54925;0.0;1621453312.0;20 May 2021 at 3:41:52pm PDT
4867;54925;0.0;1621453308.0;20 May 2021 at 3:41:48pm PDT
4867;54925;0.0;1621453231.0;20 May 2021 at 3:40:31pm PDT
12526;55128;1.0;1621900335.0;25 May 2021 at 7:52:15pm PDT
12526;55128;1.0;1621892937.0;25 May 2021 at 5:48:57pm PDT
12526;55128;1.0;1621793559.0;24 May 2021 at 2:12:39pm PDT
12526;55128;0.0;1621793380.0;24 May 2021 at 2:09:40pm PDT
12526;55128;0.0;1621793334.0;24 May 2021 at 2:08:54pm PDT
12526;55128;0.0;1621793325.0;24 May 2021 at 2:08:45pm PDT
12526;55128;0.0;1621725015.0;23 May 2021 at 7:10:15pm PDT
12526;55128;0.0;1621724575.0;23 May 2021 at 7:02:55pm PDT
6842;55128;1.0;1621892411.0;25 May 2021 at 5:40:11pm PDT
1906;55128;0.0;1621392466.0;19 May 2021 at 10:47:46pm PDT
6075;21901;0.0;1618960039.0;21 Apr 2021 at 7:07:19pm PDT
6075;21901;0.0;1618960036.0;21 Apr 2021 at 7:07:16pm PDT
6075;21901;0.0;1618960028.0;21 Apr 2021 at 7:07:08pm PDT
6075;21901;0.0;1618960027.0;21 Apr 2021 at 7:07:07pm PDT
6075;21901;0.0;1618960025.0;21 Apr 2021 at 7:07:05pm PDT
6075;21901;0.0;1618960023.0;21 Apr 2021 at 7:07:03pm PDT
6075;21901;0.0;1618960020.0;21 Apr 2021 at 7:07:00pm PDT
6075;21901;0.0;1618960018.0;21 Apr 2021 at 7:06:58pm PDT
6075;21901;0.0;1618960016.0;21 Apr 2021 at 7:06:56pm PDT
6075;21901;0.0;1618960012.0;21 Apr 2021 at 7:06:52pm PDT
6303;26879;0.0;1621214993.0;17 May 2021 at 9:29:53am PDT
6303;26879;0.0;1621195188.0;17 May 2021 at 3:59:48pm PDT
6303;26879;0.0;1621195182.0;17 May 2021 at 3:59:42pm PDT
6303;26879;0.0;1621195137.0;17 May 2021 at 3:58:57pm PDT
6303;26879;0.0;1621195130.0;17 May 2021 at 3:58:50pm PDT
6303;26879;0.0;1621195126.0;17 May 2021 at 3:58:46pm PDT
6303;26879;0.0;1621195119.0;17 May 2021 at 3:58:39pm PDT
6303;26879;0.0;1621195109.0;17 May 2021 at 3:58:29pm PDT
6303;26879;0.0;1621195103.0;17 May 2021 at 3:58:23pm PDT
6303;26879;0.0;1621193133.0;17 May 2021 at 3:25:33pm PDT
3618;26862;0.0;1621185040.0;17 May 2021 at 1:10:40am PDT
3618;26862;0.0;1621185035.0;17 May 2021 at 1:10:35am PDT
3618;26862;0.0;1621185031.0;17 May 2021 at 1:10:31am PDT
3618;26862;0.0;1621185028.0;17 May 2021 at 1:10:28am PDT
3618;26862;0.0;1621185024.0;17 May 2021 at 1:10:24am PDT
3618;26862;0.0;1621185020.0;17 May 2021 at 1:10:20am PDT
3618;26862;0.0;1621140713.0;16 May 2021 at 12:51:53pm PDT
1765;26862;0.0;1621220531.0;17 May 2021 at 11:02:11am PDT
1765;26862;0.0;1621220520.0;17 May 2021 at 11:02:00am PDT
1765;26862;0.0;1621220507.0;17 May 2021 at 11:01:47am PDT
10797;21949;0.0;1619303825.0;25 Apr 2021 at 6:37:05am PDT
10797;21949;0.0;1619303819.0;25 Apr 2021 at 6:36:59am PDT
10797;21949;0.0;1619129002.0;23 Apr 2021 at 6:03:22am PDT
10797;21949;0.0;1619128998.0;23 Apr 2021 at 6:03:18am PDT
10797;21949;0.0;1619026236.0;22 Apr 2021 at 1:30:36pm PDT
10797;21949;0.0;1619026233.0;22 Apr 2021 at 1:30:33pm PDT
6423;21949;0.0;1619135223.0;23 Apr 2021 at 7:47:03am PDT
3295;21949;1.0;1619204637.0;24 Apr 2021 at 3:03:57pm PDT
3295;21949;0.0;1619152952.0;23 Apr 2021 at 12:42:32pm PDT
3295;21949;0.0;1619123348.0;23 Apr 2021 at 4:29:08pm PDT
2539;26858;0.0;1621186511.0;17 May 2021 at 1:35:11am PDT
2539;26858;0.0;1621186507.0;17 May 2021 at 1:35:07am PDT
2539;26858;0.0;1621186503.0;17 May 2021 at 1:35:03am PDT
2539;26858;0.0;1621186498.0;17 May 2021 at 1:34:58am PDT
2539;26858;0.0;1621111948.0;16 May 2021 at 4:52:28pm PDT
2539;26858;0.0;1621111943.0;16 May 2021 at 4:52:23pm PDT
2539;26858;0.0;1621111938.0;16 May 2021 at 4:52:18pm PDT
2539;26858;0.0;1621111934.0;16 May 2021 at 4:52:14pm PDT
2539;26858;0.0;1621111930.0;16 May 2021 at 4:52:10pm PDT
2539;26858;0.0;1621023391.0;15 May 2021 at 4:16:31pm PDT
9703;21954;0.0;1618712053.0;18 Apr 2021 at 10:14:13am PDT
9703;21954;0.0;1618712051.0;18 Apr 2021 at 10:14:11am PDT
9703;21954;0.0;1618712049.0;18 Apr 2021 at 10:14:09am PDT
9703;21954;0.0;1618712047.0;18 Apr 2021 at 10:14:07am PDT
9703;21954;0.0;1618712045.0;18 Apr 2021 at 10:14:05am PDT
9703;21954;0.0;1618712043.0;18 Apr 2021 at 10:14:03am PDT
9703;21954;0.0;1618712040.0;18 Apr 2021 at 10:14:00am PDT
7494;21954;0.0;1618783625.0;19 Apr 2021 at 6:07:05pm PDT
7494;21954;0.0;1618783623.0;19 Apr 2021 at 6:07:03pm PDT
2715;21954;1.0;1619111144.0;23 Apr 2021 at 1:05:44pm PDT
10619;21961;0.0;1618709167.0;18 Apr 2021 at 9:26:07am PDT
2335;21961;0.0;1618808395.0;19 Apr 2021 at 12:59:55am PDT
2335;21961;0.0;1618808380.0;19 Apr 2021 at 12:59:40am PDT
2335;21961;0.0;1618808364.0;19 Apr 2021 at 12:59:24am PDT
2335;21961;0.0;1618808355.0;19 Apr 2021 at 12:59:15am PDT
2335;21961;0.0;1618808347.0;19 Apr 2021 at 12:59:07am PDT
2335;21961;0.0;1618765238.0;19 Apr 2021 at 1:00:38am PDT
2335;21961;0.0;1618765225.0;19 Apr 2021 at 1:00:25am PDT
2335;21961;0.0;1618765202.0;19 Apr 2021 at 1:00:02am PDT
1531;21961;0.0;1618866244.0;20 Apr 2021 at 5:04:04pm PDT
8365;21976;0.0;1619145061.0;23 Apr 2021 at 10:31:01am PDT
8365;21976;0.0;1618978166.0;21 Apr 2021 at 12:09:26pm PDT
7497;21976;0.0;1619141719.0;23 Apr 2021 at 9:35:19am PDT
4136;21976;0.0;1619126995.0;23 Apr 2021 at 5:29:55am PDT
4136;21976;0.0;1619060555.0;22 Apr 2021 at 11:02:35am PDT
4136;21976;0.0;1618767344.0;19 Apr 2021 at 1:35:44pm PDT
4136;21976;0.0;1618766956.0;19 Apr 2021 at 1:29:16pm PDT
4136;21976;0.0;1618766953.0;19 Apr 2021 at 1:29:13pm PDT
1909;21976;0.0;1618685589.0;18 Apr 2021 at 2:53:09pm PDT
1909;21976;0.0;1618685585.0;18 Apr 2021 at 2:53:05pm PDT
11773;26661;0.0;1621286720.0;18 May 2021 at 5:25:20am PDT
9455;26661;0.0;1621220804.0;17 May 2021 at 11:06:44am PDT
9455;26661;0.0;1621220795.0;17 May 2021 at 11:06:35am PDT
9455;26661;0.0;1621220789.0;17 May 2021 at 11:06:29am PDT
9455;26661;0.0;1621220785.0;17 May 2021 at 11:06:25am PDT
9455;26661;0.0;1621220781.0;17 May 2021 at 11:06:21am PDT
9455;26661;0.0;1621220776.0;17 May 2021 at 11:06:16am PDT
9455;26661;0.0;1621213873.0;17 May 2021 at 9:11:13pm PDT
9455;26661;0.0;1621213869.0;17 May 2021 at 9:11:09pm PDT
9455;26661;0.0;1621213865.0;17 May 2021 at 9:11:05pm PDT
5556;54874;0.0;1620929201.0;14 May 2021 at 2:06:41am PDT
5556;54874;0.0;1620929191.0;14 May 2021 at 2:06:31am PDT
5556;54874;0.0;1620929179.0;14 May 2021 at 2:06:19am PDT
5556;54874;0.0;1620929165.0;14 May 2021 at 2:06:05am PDT
5556;54874;0.0;1620929148.0;14 May 2021 at 2:05:48am PDT
5556;54874;0.0;1620929135.0;14 May 2021 at 2:05:35am PDT
5502;54874;0.0;1620964353.0;14 May 2021 at 11:52:33am PDT
5502;54874;0.0;1620964348.0;14 May 2021 at 11:52:28am PDT
5502;54874;0.0;1620964342.0;14 May 2021 at 11:52:22am PDT
5502;54874;0.0;1620964338.0;14 May 2021 at 11:52:18am PDT
8858;21908;0.0;1619147505.0;23 Apr 2021 at 11:11:45pm PDT
8858;21908;0.0;1619147470.0;23 Apr 2021 at 11:11:10pm PDT
8858;21908;0.0;1619147466.0;23 Apr 2021 at 11:11:06pm PDT
8858;21908;0.0;1618946454.0;21 Apr 2021 at 3:20:54am PDT
8858;21908;0.0;1618772489.0;19 Apr 2021 at 3:01:29am PDT
8858;21908;0.0;1618705174.0;18 Apr 2021 at 8:19:34am PDT
8858;21908;0.0;1618612560.0;17 Apr 2021 at 6:36:00am PDT
8858;21908;0.0;1618612547.0;17 Apr 2021 at 6:35:47am PDT
8858;21908;0.0;1618612543.0;17 Apr 2021 at 6:35:43am PDT
2271;21908;0.0;1619203550.0;24 Apr 2021 at 2:45:50am PDT
1906;27119;0.0;1621625708.0;22 May 2021 at 3:35:08pm PDT
1906;27119;0.0;1621619029.0;22 May 2021 at 1:43:49pm PDT
1906;27119;0.0;1621618784.0;22 May 2021 at 1:39:44pm PDT
1906;27119;0.0;1621547582.0;21 May 2021 at 5:53:02pm PDT
1906;27119;0.0;1621547298.0;21 May 2021 at 5:48:18am PDT
1906;27119;0.0;1621541972.0;21 May 2021 at 4:19:32pm PDT
1906;27119;0.0;1621477498.0;20 May 2021 at 10:24:58pm PDT
1906;27119;0.0;1621452366.0;20 May 2021 at 3:26:06pm PDT
1906;27119;0.0;1621449042.0;20 May 2021 at 2:30:42pm PDT
1906;27119;0.0;1621381102.0;19 May 2021 at 7:38:22pm PDT
9628;21502;0.0;1621571215.0;21 May 2021 at 12:26:55pm PDT
9628;21502;0.0;1621571093.0;21 May 2021 at 12:24:53pm PDT
9628;21502;0.0;1621549586.0;21 May 2021 at 6:26:26pm PDT
9628;21502;0.0;1621549485.0;21 May 2021 at 6:24:45pm PDT
9628;21502;0.0;1621549151.0;21 May 2021 at 6:19:11pm PDT
9628;21502;0.0;1621549134.0;21 May 2021 at 6:18:54pm PDT
9628;21502;0.0;1621549129.0;21 May 2021 at 6:18:49pm PDT
9628;21502;0.0;1621549122.0;21 May 2021 at 6:18:42pm PDT
9628;21502;0.0;1621040971.0;15 May 2021 at 9:09:31pm PDT
2300;21502;1.0;1621549863.0;21 May 2021 at 6:31:03pm PDT
14770;55272;0.0;1619313306.0;25 Apr 2021 at 9:15:06am PDT
14770;55272;0.0;1619312790.0;25 Apr 2021 at 9:06:30am PDT
14770;55272;0.0;1619312767.0;25 Apr 2021 at 9:06:07am PDT
14770;55272;0.0;1619312762.0;25 Apr 2021 at 9:06:02am PDT
14770;55272;0.0;1619312757.0;25 Apr 2021 at 9:05:57am PDT
14770;55272;0.0;1619312745.0;25 Apr 2021 at 9:05:45am PDT
7132;55272;0.0;1618680749.0;18 Apr 2021 at 1:32:29pm PDT
7132;55272;0.0;1618680737.0;18 Apr 2021 at 1:32:17pm PDT
7132;55272;0.0;1618680734.0;18 Apr 2021 at 1:32:14pm PDT
7132;55272;0.0;1618680729.0;18 Apr 2021 at 1:32:09pm PDT
6444;20715;0.0;1619987059.0;3 May 2021 at 4:24:19pm PDT
431;20715;0.0;1619987691.0;3 May 2021 at 4:34:51pm PDT
431;20715;0.0;1619987688.0;3 May 2021 at 4:34:48pm PDT
431;20715;0.0;1619987686.0;3 May 2021 at 4:34:46pm PDT
431;20715;0.0;1619987684.0;3 May 2021 at 4:34:44pm PDT
431;20715;0.0;1619987682.0;3 May 2021 at 4:34:42pm PDT
431;20715;0.0;1619987679.0;3 May 2021 at 4:34:39pm PDT
431;20715;0.0;1619987676.0;3 May 2021 at 4:34:36pm PDT
431;20715;0.0;1619987674.0;3 May 2021 at 4:34:34pm PDT
431;20715;0.0;1619981587.0;3 May 2021 at 2:53:07pm PDT
14279;55644;0.0;1619743683.0;30 Apr 2021 at 8:48:03pm PDT
14279;55644;0.0;1619743681.0;30 Apr 2021 at 8:48:01pm PDT
14279;55644;0.0;1619743678.0;30 Apr 2021 at 8:47:58pm PDT
14279;55644;0.0;1619743675.0;30 Apr 2021 at 8:47:55pm PDT
14279;55644;0.0;1619743673.0;30 Apr 2021 at 8:47:53pm PDT
14279;55644;0.0;1619743650.0;30 Apr 2021 at 8:47:30pm PDT
14279;55644;0.0;1619743647.0;30 Apr 2021 at 8:47:27pm PDT
14279;55644;0.0;1619743644.0;30 Apr 2021 at 8:47:24pm PDT
14279;55644;0.0;1619743631.0;30 Apr 2021 at 8:47:11pm PDT
14279;55644;0.0;1619743627.0;30 Apr 2021 at 8:47:07pm PDT
11190;20720;0.0;1620431371.0;8 May 2021 at 7:49:31am PDT
11190;20720;0.0;1620345141.0;7 May 2021 at 7:52:21pm PDT
11190;20720;0.0;1620345132.0;7 May 2021 at 7:52:12pm PDT
11190;20720;0.0;1620344759.0;7 May 2021 at 7:45:59pm PDT
11190;20720;0.0;1620344737.0;7 May 2021 at 7:45:37pm PDT
11190;20720;0.0;1620344724.0;7 May 2021 at 7:45:24pm PDT
11190;20720;0.0;1620344722.0;7 May 2021 at 7:45:22pm PDT
11190;20720;0.0;1620344719.0;7 May 2021 at 7:45:19pm PDT
11190;20720;0.0;1620344717.0;7 May 2021 at 7:45:17pm PDT
1278;20720;0.0;1620163530.0;5 May 2021 at 5:25:30am PDT
11954;20746;0.0;1620852422.0;13 May 2021 at 4:47:02pm PDT
11954;20746;0.0;1620852420.0;13 May 2021 at 4:47:00pm PDT
11954;20746;0.0;1620852418.0;13 May 2021 at 4:46:58pm PDT
11954;20746;0.0;1620852415.0;13 May 2021 at 4:46:55pm PDT
11954;20746;0.0;1620852413.0;13 May 2021 at 4:46:53pm PDT
11954;20746;0.0;1620852410.0;13 May 2021 at 4:46:50pm PDT
11954;20746;0.0;1620852407.0;13 May 2021 at 4:46:47pm PDT
11650;20746;1.0;1620859993.0;13 May 2021 at 6:53:13pm PDT
4140;20746;0.0;1620519727.0;9 May 2021 at 8:22:07pm PDT
4140;20746;0.0;1620519723.0;9 May 2021 at 8:22:03pm PDT
8462;55635;0.0;1619377006.0;26 Apr 2021 at 2:56:46am PDT
8462;55635;0.0;1619377003.0;26 Apr 2021 at 2:56:43am PDT
6825;55635;0.0;1619317540.0;25 Apr 2021 at 10:25:40am PDT
6825;55635;0.0;1619285212.0;25 Apr 2021 at 1:26:52pm PDT
6825;55635;0.0;1619285208.0;25 Apr 2021 at 1:26:48pm PDT
6825;55635;0.0;1619285205.0;25 Apr 2021 at 1:26:45pm PDT
5249;55635;0.0;1619302659.0;25 Apr 2021 at 6:17:39am PDT
5249;55635;0.0;1619217764.0;24 Apr 2021 at 6:42:44pm PDT
4027;55635;0.0;1619285986.0;25 Apr 2021 at 1:39:46am PDT
4027;55635;0.0;1619198707.0;24 Apr 2021 at 1:25:07pm PDT
4662;20859;0.0;1620701563.0;11 May 2021 at 10:52:43pm PDT
4662;20859;0.0;1620701544.0;11 May 2021 at 10:52:24pm PDT
4662;20859;0.0;1620701540.0;11 May 2021 at 10:52:20pm PDT
4662;20859;0.0;1620498103.0;9 May 2021 at 2:21:43pm PDT
4662;20859;0.0;1620498099.0;9 May 2021 at 2:21:39pm PDT
551;20859;1.0;1620777619.0;12 May 2021 at 8:00:19am PDT
551;20859;0.0;1620777230.0;12 May 2021 at 7:53:50am PDT
551;20859;0.0;1620699952.0;11 May 2021 at 10:25:52pm PDT
551;20859;0.0;1620671200.0;11 May 2021 at 2:26:40am PDT
551;20859;0.0;1620497651.0;9 May 2021 at 2:14:11am PDT
9531;27664;0.0;1619135885.0;23 Apr 2021 at 7:58:05am PDT
9531;27664;0.0;1619058501.0;22 Apr 2021 at 10:28:21am PDT
9531;27664;0.0;1619058435.0;22 Apr 2021 at 10:27:15am PDT
9531;27664;0.0;1619050483.0;22 Apr 2021 at 8:14:43am PDT
8626;27664;0.0;1618959170.0;21 Apr 2021 at 6:52:50am PDT
8626;27664;0.0;1618959166.0;21 Apr 2021 at 6:52:46am PDT
1303;27664;0.0;1618957263.0;21 Apr 2021 at 6:21:03am PDT
1303;27664;0.0;1618957259.0;21 Apr 2021 at 6:20:59am PDT
1303;27664;0.0;1618957256.0;21 Apr 2021 at 6:20:56am PDT
346;27664;0.0;1618959489.0;21 Apr 2021 at 6:58:09am PDT
12914;27548;0.0;1619311148.0;25 Apr 2021 at 8:39:08am PDT
12914;27548;0.0;1619311145.0;25 Apr 2021 at 8:39:05am PDT
12914;27548;0.0;1619311143.0;25 Apr 2021 at 8:39:03am PDT
12914;27548;0.0;1619311139.0;25 Apr 2021 at 8:38:59am PDT
12914;27548;1.0;1619303986.0;25 Apr 2021 at 6:39:46pm PDT
12914;27548;0.0;1619303890.0;25 Apr 2021 at 6:38:10pm PDT
12914;27548;0.0;1618776905.0;19 Apr 2021 at 4:15:05pm PDT
12914;27548;0.0;1618776896.0;19 Apr 2021 at 4:14:56pm PDT
11818;27548;0.0;1619304013.0;25 Apr 2021 at 6:40:13pm PDT
11818;27548;0.0;1618711931.0;18 Apr 2021 at 10:12:11pm PDT
10585;27535;0.0;1618807995.0;19 Apr 2021 at 12:53:15am PDT
10585;27535;0.0;1618807989.0;19 Apr 2021 at 12:53:09am PDT
10585;27535;0.0;1618766325.0;19 Apr 2021 at 1:18:45am PDT
8878;27535;0.0;1619036188.0;22 Apr 2021 at 4:16:28am PDT
8878;27535;0.0;1619036181.0;22 Apr 2021 at 4:16:21am PDT
705;27535;0.0;1618804897.0;19 Apr 2021 at 12:01:37pm PDT
705;27535;0.0;1618791348.0;19 Apr 2021 at 8:15:48pm PDT
705;27535;0.0;1618791343.0;19 Apr 2021 at 8:15:43pm PDT
705;27535;0.0;1618791338.0;19 Apr 2021 at 8:15:38pm PDT
705;27535;0.0;1618791329.0;19 Apr 2021 at 8:15:29pm PDT
9957;27534;0.0;1619286445.0;25 Apr 2021 at 1:47:25pm PDT
731;27534;0.0;1619319165.0;25 Apr 2021 at 10:52:45am PDT
731;27534;0.0;1619197829.0;24 Apr 2021 at 1:10:29pm PDT
731;27534;0.0;1619197826.0;24 Apr 2021 at 1:10:26pm PDT
731;27534;0.0;1618959496.0;21 Apr 2021 at 6:58:16pm PDT
731;27534;0.0;1618959493.0;21 Apr 2021 at 6:58:13pm PDT
731;27534;0.0;1618959491.0;21 Apr 2021 at 6:58:11pm PDT
731;27534;0.0;1618959489.0;21 Apr 2021 at 6:58:09pm PDT
731;27534;0.0;1618959486.0;21 Apr 2021 at 6:58:06pm PDT
731;27534;0.0;1618789776.0;19 Apr 2021 at 7:49:36pm PDT
14348;50416;0.0;1619546384.0;28 Apr 2021 at 1:59:44pm PDT
14348;50416;0.0;1619546382.0;28 Apr 2021 at 1:59:42pm PDT
14348;50416;0.0;1619546379.0;28 Apr 2021 at 1:59:39pm PDT
14348;50416;0.0;1619546377.0;28 Apr 2021 at 1:59:37pm PDT
14348;50416;0.0;1619546372.0;28 Apr 2021 at 1:59:32pm PDT
14348;50416;0.0;1619544529.0;28 Apr 2021 at 1:28:49pm PDT
14348;50416;0.0;1619544527.0;28 Apr 2021 at 1:28:47pm PDT
14348;50416;0.0;1619544524.0;28 Apr 2021 at 1:28:44pm PDT
14348;50416;0.0;1619544522.0;28 Apr 2021 at 1:28:42pm PDT
14348;50416;0.0;1619544518.0;28 Apr 2021 at 1:28:38pm PDT
6307;21176;0.0;1621137362.0;16 May 2021 at 11:56:02am PDT
6307;21176;1.0;1621113427.0;16 May 2021 at 5:17:07pm PDT
6307;21176;0.0;1621113425.0;16 May 2021 at 5:17:05pm PDT
6307;21176;0.0;1621109197.0;16 May 2021 at 4:06:37pm PDT
6307;21176;0.0;1621108735.0;16 May 2021 at 3:58:55pm PDT
6307;21176;0.0;1620859883.0;13 May 2021 at 6:51:23am PDT
6307;21176;0.0;1620786198.0;12 May 2021 at 10:23:18am PDT
6307;21176;0.0;1620774008.0;12 May 2021 at 7:00:08am PDT
6307;21176;0.0;1620770881.0;12 May 2021 at 6:08:01am PDT
6307;21176;0.0;1620769413.0;12 May 2021 at 5:43:33pm PDT
13725;27323;0.0;1621659258.0;22 May 2021 at 12:54:18pm PDT
13725;27323;0.0;1621659150.0;22 May 2021 at 12:52:30pm PDT
13725;27323;0.0;1621659148.0;22 May 2021 at 12:52:28pm PDT
13725;27323;0.0;1621659141.0;22 May 2021 at 12:52:21pm PDT
11860;27323;0.0;1621653674.0;22 May 2021 at 11:21:14am PDT
11860;27323;0.0;1621653667.0;22 May 2021 at 11:21:07am PDT
11860;27323;0.0;1621619659.0;22 May 2021 at 1:54:19pm PDT
11860;27323;0.0;1621619573.0;22 May 2021 at 1:52:53pm PDT
11860;27323;0.0;1621618921.0;22 May 2021 at 1:42:01pm PDT
11860;27323;0.0;1621617999.0;22 May 2021 at 1:26:39pm PDT
4232;55512;0.0;1619570689.0;28 Apr 2021 at 8:44:49pm PDT
4232;55512;0.0;1619569514.0;28 Apr 2021 at 8:25:14pm PDT
4232;55512;0.0;1619564686.0;28 Apr 2021 at 7:04:46am PDT
4232;55512;0.0;1619564519.0;28 Apr 2021 at 7:01:59am PDT
3313;55512;0.0;1619054814.0;22 Apr 2021 at 9:26:54am PDT
3313;55512;0.0;1619054789.0;22 Apr 2021 at 9:26:29am PDT
3313;55512;0.0;1619054774.0;22 Apr 2021 at 9:26:14am PDT
3313;55512;0.0;1619054761.0;22 Apr 2021 at 9:26:01am PDT
3313;55512;0.0;1619054748.0;22 Apr 2021 at 9:25:48am PDT
1028;55512;0.0;1619317205.0;25 Apr 2021 at 10:20:05pm PDT
8614;55440;0.0;1618889709.0;20 Apr 2021 at 11:35:09pm PDT
8506;55440;0.0;1618971353.0;21 Apr 2021 at 10:15:53am PDT
7562;55440;0.0;1618978847.0;21 Apr 2021 at 12:20:47pm PDT
5959;55440;0.0;1619287845.0;25 Apr 2021 at 2:10:45pm PDT
5959;55440;0.0;1619287830.0;25 Apr 2021 at 2:10:30pm PDT
5959;55440;0.0;1619287826.0;25 Apr 2021 at 2:10:26pm PDT
5959;55440;0.0;1619286929.0;25 Apr 2021 at 1:55:29pm PDT
5959;55440;0.0;1619286874.0;25 Apr 2021 at 1:54:34pm PDT
5959;55440;0.0;1619286854.0;25 Apr 2021 at 1:54:14pm PDT
5959;55440;0.0;1619286833.0;25 Apr 2021 at 1:53:53pm PDT
8163;55371;0.0;1619409014.0;26 Apr 2021 at 11:50:14am PDT
6941;55371;0.0;1619118352.0;23 Apr 2021 at 3:05:52pm PDT
6941;55371;0.0;1619118349.0;23 Apr 2021 at 3:05:49pm PDT
6941;55371;0.0;1619118346.0;23 Apr 2021 at 3:05:46pm PDT
6941;55371;0.0;1619118343.0;23 Apr 2021 at 3:05:43pm PDT
6941;55371;0.0;1619118339.0;23 Apr 2021 at 3:05:39pm PDT
6941;55371;0.0;1619118337.0;23 Apr 2021 at 3:05:37pm PDT
6941;55371;0.0;1619118334.0;23 Apr 2021 at 3:05:34pm PDT
6941;55371;0.0;1619118330.0;23 Apr 2021 at 3:05:30pm PDT
6700;55371;0.0;1618882976.0;20 Apr 2021 at 9:42:56am PDT
11661;27273;0.0;1621448576.0;20 May 2021 at 2:22:56am PDT
11661;27273;0.0;1621446994.0;20 May 2021 at 1:56:34am PDT
11661;27273;0.0;1621446980.0;20 May 2021 at 1:56:20am PDT
11661;27273;0.0;1621446968.0;20 May 2021 at 1:56:08am PDT
11661;27273;0.0;1621446958.0;20 May 2021 at 1:55:58am PDT
11661;27273;0.0;1621446941.0;20 May 2021 at 1:55:41am PDT
2551;27273;0.0;1621640063.0;22 May 2021 at 7:34:23pm PDT
2551;27273;0.0;1621640060.0;22 May 2021 at 7:34:20pm PDT
2551;27273;0.0;1621640057.0;22 May 2021 at 7:34:17pm PDT
2551;27273;0.0;1621640052.0;22 May 2021 at 7:34:12pm PDT
8504;27172;0.0;1621537089.0;21 May 2021 at 2:58:09pm PDT
8504;27172;0.0;1621537079.0;21 May 2021 at 2:57:59pm PDT
8504;27172;0.0;1621537061.0;21 May 2021 at 2:57:41pm PDT
7032;27172;1.0;1621538594.0;21 May 2021 at 3:23:14pm PDT
7032;27172;0.0;1621444576.0;20 May 2021 at 1:16:16am PDT
7032;27172;0.0;1621444317.0;20 May 2021 at 1:11:57am PDT
7032;27172;0.0;1621303997.0;18 May 2021 at 10:13:17am PDT
7032;27172;0.0;1621189407.0;17 May 2021 at 2:23:27pm PDT
3454;27172;0.0;1621195126.0;17 May 2021 at 3:58:46am PDT
3454;27172;0.0;1621195116.0;17 May 2021 at 3:58:36am PDT
12775;21450;0.0;1621114502.0;16 May 2021 at 5:35:02am PDT
12775;21450;0.0;1621114499.0;16 May 2021 at 5:34:59am PDT
12775;21450;0.0;1621114498.0;16 May 2021 at 5:34:58am PDT
12775;21450;0.0;1621114496.0;16 May 2021 at 5:34:56am PDT
12775;21450;0.0;1621114494.0;16 May 2021 at 5:34:54am PDT
12775;21450;0.0;1621114492.0;16 May 2021 at 5:34:52am PDT
12775;21450;0.0;1621114490.0;16 May 2021 at 5:34:50am PDT
12775;21450;0.0;1621114095.0;16 May 2021 at 5:28:15am PDT
12775;21450;0.0;1621114092.0;16 May 2021 at 5:28:12am PDT
8794;21450;0.0;1621620984.0;22 May 2021 at 2:16:24am PDT
11615;55289;0.0;1619239730.0;24 Apr 2021 at 12:48:50pm PDT
11615;55289;0.0;1618689645.0;18 Apr 2021 at 4:00:45pm PDT
11615;55289;0.0;1618689640.0;18 Apr 2021 at 4:00:40pm PDT
11615;55289;0.0;1618689637.0;18 Apr 2021 at 4:00:37pm PDT
11615;55289;0.0;1618689632.0;18 Apr 2021 at 4:00:32pm PDT
11130;55289;0.0;1618686282.0;18 Apr 2021 at 3:04:42pm PDT
11130;55289;0.0;1618686271.0;18 Apr 2021 at 3:04:31pm PDT
10793;55289;0.0;1619142818.0;23 Apr 2021 at 9:53:38am PDT
3875;55289;0.0;1618687107.0;18 Apr 2021 at 3:18:27pm PDT
3875;55289;0.0;1618687084.0;18 Apr 2021 at 3:18:04pm PDT
12578;55287;0.0;1619323269.0;25 Apr 2021 at 12:01:09pm PDT
12578;55287;0.0;1619323227.0;25 Apr 2021 at 12:00:27pm PDT
12578;55287;0.0;1619323212.0;25 Apr 2021 at 12:00:12pm PDT
12578;55287;0.0;1619323209.0;25 Apr 2021 at 12:00:09pm PDT
12578;55287;0.0;1619323139.0;25 Apr 2021 at 11:58:59am PDT
12578;55287;0.0;1619323136.0;25 Apr 2021 at 11:58:56am PDT
12578;55287;0.0;1619323131.0;25 Apr 2021 at 11:58:51am PDT
12578;55287;0.0;1619323128.0;25 Apr 2021 at 11:58:48am PDT
12578;55287;0.0;1618806558.0;19 Apr 2021 at 12:29:18am PDT
3474;55287;1.0;1619304671.0;25 Apr 2021 at 6:51:11am PDT
13791;27884;0.0;1619912261.0;2 May 2021 at 7:37:41am PDT
13791;27884;0.0;1619905457.0;2 May 2021 at 5:44:17am PDT
13791;27884;0.0;1619905453.0;2 May 2021 at 5:44:13am PDT
13791;27884;0.0;1619818950.0;1 May 2021 at 5:42:30pm PDT
12665;27884;0.0;1619891900.0;2 May 2021 at 1:58:20am PDT
12619;27884;0.0;1619891900.0;2 May 2021 at 1:58:20am PDT
9807;27884;0.0;1619812419.0;1 May 2021 at 3:53:39pm PDT
9807;27884;0.0;1619812414.0;1 May 2021 at 3:53:34pm PDT
9805;27884;0.0;1619812419.0;1 May 2021 at 3:53:39pm PDT
9805;27884;0.0;1619812414.0;1 May 2021 at 3:53:34pm PDT
11737;46455;0.0;1619149825.0;23 Apr 2021 at 11:50:25am PDT
11737;46455;0.0;1619149806.0;23 Apr 2021 at 11:50:06am PDT
11737;46455;0.0;1619149802.0;23 Apr 2021 at 11:50:02am PDT
11737;46455;0.0;1619149798.0;23 Apr 2021 at 11:49:58am PDT
11737;46455;0.0;1619149795.0;23 Apr 2021 at 11:49:55am PDT
11737;46455;0.0;1619149792.0;23 Apr 2021 at 11:49:52am PDT
11737;46455;0.0;1619149788.0;23 Apr 2021 at 11:49:48am PDT
11737;46455;0.0;1619149785.0;23 Apr 2021 at 11:49:45am PDT
3336;46455;0.0;1619061671.0;22 Apr 2021 at 11:21:11pm PDT
780;46455;0.0;1619150356.0;23 Apr 2021 at 11:59:16am PDT
14333;46966;0.0;1619042603.0;22 Apr 2021 at 6:03:23pm PDT
5377;46966;0.0;1619136311.0;23 Apr 2021 at 8:05:11am PDT
5377;46966;0.0;1619136265.0;23 Apr 2021 at 8:04:25am PDT
5377;46966;0.0;1619136263.0;23 Apr 2021 at 8:04:23am PDT
5377;46966;0.0;1619136261.0;23 Apr 2021 at 8:04:21am PDT
5377;46966;0.0;1619136260.0;23 Apr 2021 at 8:04:20am PDT
5377;46966;0.0;1619136258.0;23 Apr 2021 at 8:04:18am PDT
5377;46966;0.0;1619136250.0;23 Apr 2021 at 8:04:10am PDT
5377;46966;0.0;1619136249.0;23 Apr 2021 at 8:04:09am PDT
5377;46966;0.0;1619136247.0;23 Apr 2021 at 8:04:07am PDT
10059;24688;1.0;1619489399.0;27 Apr 2021 at 10:09:59am PDT
10059;24688;0.0;1619489125.0;27 Apr 2021 at 10:05:25am PDT
10059;24688;0.0;1618717030.0;18 Apr 2021 at 11:37:10am PDT
4246;24688;0.0;1618977784.0;21 Apr 2021 at 12:03:04am PDT
4246;24688;0.0;1618853109.0;20 Apr 2021 at 1:25:09am PDT
4246;24688;0.0;1618853107.0;20 Apr 2021 at 1:25:07am PDT
4246;24688;0.0;1618853104.0;20 Apr 2021 at 1:25:04am PDT
3817;24688;0.0;1619114035.0;23 Apr 2021 at 1:53:55pm PDT
3817;24688;0.0;1619114031.0;23 Apr 2021 at 1:53:51pm PDT
1691;24688;0.0;1619489397.0;27 Apr 2021 at 10:09:57am PDT
10630;7604;0.0;1620521709.0;9 May 2021 at 8:55:09am PDT
10630;7604;0.0;1620521705.0;9 May 2021 at 8:55:05am PDT
10630;7604;0.0;1620521700.0;9 May 2021 at 8:55:00am PDT
10630;7604;0.0;1620521695.0;9 May 2021 at 8:54:55am PDT
10630;7604;0.0;1620521691.0;9 May 2021 at 8:54:51am PDT
10630;7604;0.0;1620521686.0;9 May 2021 at 8:54:46am PDT
10630;7604;0.0;1620521682.0;9 May 2021 at 8:54:42am PDT
10630;7604;0.0;1620521676.0;9 May 2021 at 8:54:36am PDT
10630;7604;0.0;1620521671.0;9 May 2021 at 8:54:31am PDT
6290;7604;0.0;1620847705.0;13 May 2021 at 3:28:25am PDT
6663;43947;0.0;1619900298.0;2 May 2021 at 4:18:18am PDT
6663;43947;0.0;1619900290.0;2 May 2021 at 4:18:10am PDT
6663;43947;0.0;1619900286.0;2 May 2021 at 4:18:06am PDT
6663;43947;0.0;1619814643.0;1 May 2021 at 4:30:43am PDT
6663;43947;0.0;1619814624.0;1 May 2021 at 4:30:24am PDT
6661;43947;0.0;1619900298.0;2 May 2021 at 4:18:18am PDT
6661;43947;0.0;1619900290.0;2 May 2021 at 4:18:10am PDT
6661;43947;0.0;1619900286.0;2 May 2021 at 4:18:06am PDT
6661;43947;0.0;1619814643.0;1 May 2021 at 4:30:43am PDT
6661;43947;0.0;1619814624.0;1 May 2021 at 4:30:24am PDT
14077;64697;0.0;1620615198.0;10 May 2021 at 10:53:18am PDT
14077;64697;0.0;1620614033.0;10 May 2021 at 10:33:53am PDT
14077;64697;0.0;1620614009.0;10 May 2021 at 10:33:29am PDT
14077;64697;0.0;1620613972.0;10 May 2021 at 10:32:52am PDT
14077;64697;0.0;1620361045.0;7 May 2021 at 12:17:25pm PDT
14077;64697;0.0;1620332160.0;7 May 2021 at 4:16:00am PDT
14077;64697;0.0;1620255381.0;6 May 2021 at 6:56:21am PDT
14077;64697;0.0;1620255286.0;6 May 2021 at 6:54:46am PDT
14077;64697;0.0;1620255258.0;6 May 2021 at 6:54:18am PDT
4809;64697;0.0;1620084582.0;4 May 2021 at 7:29:42am PDT
7631;67520;0.0;1619904916.0;2 May 2021 at 5:35:16pm PDT
7631;67520;0.0;1619904914.0;2 May 2021 at 5:35:14pm PDT
7631;67520;0.0;1619904907.0;2 May 2021 at 5:35:07pm PDT
7631;67520;0.0;1619904894.0;2 May 2021 at 5:34:54pm PDT
7631;67520;0.0;1619904891.0;2 May 2021 at 5:34:51pm PDT
7631;67520;0.0;1619904887.0;2 May 2021 at 5:34:47pm PDT
7631;67520;0.0;1619904884.0;2 May 2021 at 5:34:44pm PDT
7631;67520;0.0;1619904882.0;2 May 2021 at 5:34:42pm PDT
7631;67520;0.0;1619736255.0;30 Apr 2021 at 6:44:15pm PDT
7631;67520;0.0;1619736250.0;30 Apr 2021 at 6:44:10pm PDT
5889;36031;0.0;1620707225.0;11 May 2021 at 12:27:05pm PDT
4911;36031;0.0;1620076779.0;4 May 2021 at 5:19:39pm PDT
4459;36031;0.0;1620241851.0;6 May 2021 at 3:10:51am PDT
4459;36031;0.0;1620241843.0;6 May 2021 at 3:10:43am PDT
4459;36031;0.0;1620241837.0;6 May 2021 at 3:10:37am PDT
4459;36031;0.0;1620241831.0;6 May 2021 at 3:10:31am PDT
4459;36031;0.0;1620241827.0;6 May 2021 at 3:10:27am PDT
4459;36031;0.0;1620188093.0;5 May 2021 at 12:14:53am PDT
4459;36031;0.0;1620188090.0;5 May 2021 at 12:14:50am PDT
187;36031;0.0;1620068641.0;4 May 2021 at 3:04:01pm PDT
6109;35998;0.0;1620090993.0;4 May 2021 at 9:16:33am PDT
6109;35998;0.0;1620090987.0;4 May 2021 at 9:16:27am PDT
6109;35998;0.0;1620090982.0;4 May 2021 at 9:16:22am PDT
6109;35998;0.0;1620090977.0;4 May 2021 at 9:16:17am PDT
3024;35998;0.0;1620321360.0;7 May 2021 at 1:16:00pm PDT
3024;35998;0.0;1620320674.0;7 May 2021 at 1:04:34pm PDT
3024;35998;0.0;1620320635.0;7 May 2021 at 1:03:55pm PDT
3024;35998;0.0;1620320629.0;7 May 2021 at 1:03:49pm PDT
3024;35998;0.0;1620320571.0;7 May 2021 at 1:02:51pm PDT
3024;35998;0.0;1620320564.0;7 May 2021 at 1:02:44pm PDT
12326;8331;0.0;1620674711.0;11 May 2021 at 3:25:11am PDT
12326;8331;0.0;1620674701.0;11 May 2021 at 3:25:01am PDT
12326;8331;0.0;1620674698.0;11 May 2021 at 3:24:58am PDT
12326;8331;0.0;1620674678.0;11 May 2021 at 3:24:38am PDT
2070;8331;0.0;1620689445.0;11 May 2021 at 7:30:45am PDT
2070;8331;0.0;1620689443.0;11 May 2021 at 7:30:43am PDT
2070;8331;0.0;1620689440.0;11 May 2021 at 7:30:40am PDT
2070;8331;0.0;1620689438.0;11 May 2021 at 7:30:38am PDT
2070;8331;0.0;1620689435.0;11 May 2021 at 7:30:35am PDT
2070;8331;0.0;1620689433.0;11 May 2021 at 7:30:33am PDT
12547;35984;0.0;1620080246.0;4 May 2021 at 6:17:26pm PDT
10662;35984;0.0;1620245000.0;6 May 2021 at 4:03:20pm PDT
10044;35984;0.0;1620536273.0;9 May 2021 at 12:57:53am PDT
10044;35984;0.0;1620526288.0;9 May 2021 at 10:11:28pm PDT
10044;35984;0.0;1620505038.0;9 May 2021 at 4:17:18am PDT
10044;35984;0.0;1620498984.0;9 May 2021 at 2:36:24am PDT
2622;35984;0.0;1620621428.0;10 May 2021 at 12:37:08pm PDT
2622;35984;0.0;1620323766.0;7 May 2021 at 1:56:06pm PDT
2622;35984;0.0;1620323762.0;7 May 2021 at 1:56:02pm PDT
2622;35984;0.0;1620242775.0;6 May 2021 at 3:26:15pm PDT
12941;38802;0.0;1620169005.0;5 May 2021 at 6:56:45am PDT
4003;38802;0.0;1620362353.0;7 May 2021 at 12:39:13am PDT
4003;38802;0.0;1620342193.0;7 May 2021 at 7:03:13am PDT
4003;38802;0.0;1620342182.0;7 May 2021 at 7:03:02am PDT
4003;38802;0.0;1620342162.0;7 May 2021 at 7:02:42am PDT
4003;38802;0.0;1620342158.0;7 May 2021 at 7:02:38am PDT
4003;38802;0.0;1620342150.0;7 May 2021 at 7:02:30am PDT
4003;38802;0.0;1620342144.0;7 May 2021 at 7:02:24am PDT
4003;38802;0.0;1620342140.0;7 May 2021 at 7:02:20am PDT
831;38802;0.0;1620152242.0;5 May 2021 at 2:17:22pm PDT
8970;38868;0.0;1620353093.0;7 May 2021 at 10:04:53pm PDT
8970;38868;0.0;1620353090.0;7 May 2021 at 10:04:50pm PDT
8970;38868;0.0;1620262884.0;6 May 2021 at 9:01:24am PDT
8970;38868;0.0;1620253575.0;6 May 2021 at 6:26:15am PDT
934;38868;0.0;1620169466.0;5 May 2021 at 7:04:26pm PDT
934;38868;0.0;1620169459.0;5 May 2021 at 7:04:19pm PDT
934;38868;0.0;1620169455.0;5 May 2021 at 7:04:15pm PDT
934;38868;0.0;1620169451.0;5 May 2021 at 7:04:11pm PDT
934;38868;0.0;1620169448.0;5 May 2021 at 7:04:08pm PDT
934;38868;0.0;1620169442.0;5 May 2021 at 7:04:02pm PDT
13951;8713;0.0;1620756954.0;12 May 2021 at 2:15:54pm PDT
13951;8713;0.0;1620756949.0;12 May 2021 at 2:15:49pm PDT
877;8713;0.0;1620689253.0;11 May 2021 at 7:27:33am PDT
877;8713;0.0;1620689251.0;11 May 2021 at 7:27:31am PDT
877;8713;0.0;1620689248.0;11 May 2021 at 7:27:28am PDT
877;8713;0.0;1620689246.0;11 May 2021 at 7:27:26am PDT
877;8713;0.0;1620689245.0;11 May 2021 at 7:27:25am PDT
877;8713;0.0;1620689243.0;11 May 2021 at 7:27:23am PDT
877;8713;0.0;1620689240.0;11 May 2021 at 7:27:20am PDT
877;8713;0.0;1620689237.0;11 May 2021 at 7:27:17am PDT
4574;8726;1.0;1620757174.0;12 May 2021 at 2:19:34pm PDT
4574;8726;1.0;1620757081.0;12 May 2021 at 2:18:01pm PDT
2876;8726;0.0;1620689177.0;11 May 2021 at 7:26:17am PDT
2876;8726;0.0;1620689175.0;11 May 2021 at 7:26:15am PDT
2876;8726;0.0;1620689173.0;11 May 2021 at 7:26:13am PDT
2876;8726;0.0;1620689170.0;11 May 2021 at 7:26:10am PDT
2876;8726;0.0;1620689169.0;11 May 2021 at 7:26:09am PDT
2876;8726;0.0;1620689166.0;11 May 2021 at 7:26:06am PDT
2876;8726;0.0;1620689163.0;11 May 2021 at 7:26:03am PDT
2876;8726;0.0;1620689160.0;11 May 2021 at 7:26:00am PDT
6491;41231;1.0;1620527010.0;9 May 2021 at 10:23:30am PDT
6491;41231;0.0;1620526956.0;9 May 2021 at 10:22:36am PDT
6491;41231;0.0;1620526947.0;9 May 2021 at 10:22:27am PDT
6491;41231;0.0;1620526929.0;9 May 2021 at 10:22:09am PDT
6491;41231;0.0;1620526909.0;9 May 2021 at 10:21:49am PDT
6491;41231;0.0;1620430837.0;8 May 2021 at 7:40:37pm PDT
4839;41231;0.0;1620526978.0;9 May 2021 at 10:22:58am PDT
4839;41231;0.0;1620526666.0;9 May 2021 at 10:17:46am PDT
4839;41231;0.0;1620526650.0;9 May 2021 at 10:17:30am PDT
4839;41231;0.0;1620526638.0;9 May 2021 at 10:17:18am PDT
5042;64586;1.0;1620523258.0;9 May 2021 at 9:20:58am PDT
5042;64586;0.0;1620523215.0;9 May 2021 at 9:20:15am PDT
5042;64586;0.0;1620523205.0;9 May 2021 at 9:20:05am PDT
5042;64586;0.0;1620522946.0;9 May 2021 at 9:15:46am PDT
5042;64586;0.0;1620522842.0;9 May 2021 at 9:14:02am PDT
5042;64586;0.0;1620520656.0;9 May 2021 at 8:37:36am PDT
5042;64586;0.0;1620504464.0;9 May 2021 at 4:07:44am PDT
5042;64586;0.0;1620504461.0;9 May 2021 at 4:07:41am PDT
5042;64586;0.0;1620440624.0;8 May 2021 at 10:23:44pm PDT
2874;64586;0.0;1620446701.0;8 May 2021 at 12:05:01pm PDT
10838;44137;0.0;1620089655.0;4 May 2021 at 8:54:15am PDT
10838;44137;0.0;1620089647.0;4 May 2021 at 8:54:07am PDT
10838;44137;0.0;1620082978.0;4 May 2021 at 7:02:58am PDT
10838;44137;0.0;1620082974.0;4 May 2021 at 7:02:54am PDT
10838;44137;0.0;1619975496.0;3 May 2021 at 1:11:36pm PDT
10838;44137;0.0;1619975493.0;3 May 2021 at 1:11:33pm PDT
10838;44137;0.0;1619805702.0;1 May 2021 at 2:01:42pm PDT
10838;44137;0.0;1619805699.0;1 May 2021 at 2:01:39pm PDT
10838;44137;0.0;1619805697.0;1 May 2021 at 2:01:37pm PDT
10838;44137;0.0;1619805694.0;1 May 2021 at 2:01:34pm PDT
12703;38799;0.0;1620420472.0;8 May 2021 at 4:47:52pm PDT
12703;38799;0.0;1620167304.0;5 May 2021 at 6:28:24am PDT
487;38799;0.0;1620188000.0;5 May 2021 at 12:13:20pm PDT
487;38799;0.0;1620187989.0;5 May 2021 at 12:13:09pm PDT
487;38799;0.0;1620187982.0;5 May 2021 at 12:13:02pm PDT
487;38799;0.0;1620187973.0;5 May 2021 at 12:12:53pm PDT
487;38799;0.0;1620187967.0;5 May 2021 at 12:12:47pm PDT
487;38799;0.0;1620187956.0;5 May 2021 at 12:12:36pm PDT
487;38799;0.0;1620187947.0;5 May 2021 at 12:12:27pm PDT
487;38799;0.0;1620165479.0;5 May 2021 at 5:57:59am PDT
12844;8841;0.0;1620270350.0;6 May 2021 at 11:05:50am PDT
12844;8841;0.0;1620254795.0;6 May 2021 at 6:46:35am PDT
6106;8841;1.0;1620851204.0;13 May 2021 at 4:26:44am PDT
6106;8841;1.0;1620851059.0;13 May 2021 at 4:24:19am PDT
6106;8841;0.0;1620851025.0;13 May 2021 at 4:23:45am PDT
6106;8841;0.0;1620850917.0;13 May 2021 at 4:21:57am PDT
6106;8841;0.0;1620850910.0;13 May 2021 at 4:21:50am PDT
6106;8841;0.0;1620695680.0;11 May 2021 at 9:14:40am PDT
6106;8841;0.0;1620672134.0;11 May 2021 at 2:42:14pm PDT
6106;8841;0.0;1620245405.0;6 May 2021 at 4:10:05pm PDT
14127;7568;0.0;1620247082.0;6 May 2021 at 4:38:02am PDT
14127;7568;0.0;1620247068.0;6 May 2021 at 4:37:48am PDT
14127;7568;0.0;1620247066.0;6 May 2021 at 4:37:46am PDT
14127;7568;0.0;1620247064.0;6 May 2021 at 4:37:44am PDT
14127;7568;0.0;1620247062.0;6 May 2021 at 4:37:42am PDT
14127;7568;0.0;1620247061.0;6 May 2021 at 4:37:41am PDT
14127;7568;0.0;1620247059.0;6 May 2021 at 4:37:39am PDT
14127;7568;0.0;1620247057.0;6 May 2021 at 4:37:37am PDT
14127;7568;0.0;1620247055.0;6 May 2021 at 4:37:35am PDT
13992;7568;0.0;1620103357.0;4 May 2021 at 12:42:37am PDT
6005;36323;1.0;1620960806.0;14 May 2021 at 10:53:26am PDT
6005;36323;0.0;1620960784.0;14 May 2021 at 10:53:04am PDT
6005;36323;0.0;1620960762.0;14 May 2021 at 10:52:42am PDT
6005;36323;0.0;1620960727.0;14 May 2021 at 10:52:07am PDT
6005;36323;0.0;1620960706.0;14 May 2021 at 10:51:46am PDT
6005;36323;0.0;1620960591.0;14 May 2021 at 10:49:51am PDT
6005;36323;0.0;1620960561.0;14 May 2021 at 10:49:21am PDT
6005;36323;0.0;1620960531.0;14 May 2021 at 10:48:51am PDT
6005;36323;0.0;1620960479.0;14 May 2021 at 10:47:59am PDT
6005;36323;0.0;1620960458.0;14 May 2021 at 10:47:38am PDT
1971;36687;0.0;1621646402.0;22 May 2021 at 9:20:02am PDT
1971;36687;0.0;1621619577.0;22 May 2021 at 1:52:57pm PDT
1971;36687;0.0;1621619569.0;22 May 2021 at 1:52:49pm PDT
1971;36687;0.0;1621619565.0;22 May 2021 at 1:52:45pm PDT
1971;36687;0.0;1621619527.0;22 May 2021 at 1:52:07pm PDT
1971;36687;0.0;1621619523.0;22 May 2021 at 1:52:03pm PDT
1971;36687;0.0;1621619518.0;22 May 2021 at 1:51:58pm PDT
1971;36687;0.0;1621619513.0;22 May 2021 at 1:51:53pm PDT
1971;36687;0.0;1621619507.0;22 May 2021 at 1:51:47pm PDT
1971;36687;0.0;1621294962.0;18 May 2021 at 7:42:42pm PDT
5434;64847;0.0;1620881929.0;13 May 2021 at 12:58:49am PDT
5434;64847;0.0;1620881900.0;13 May 2021 at 12:58:20am PDT
5434;64847;0.0;1620843965.0;13 May 2021 at 2:26:05am PDT
5434;64847;0.0;1620792970.0;12 May 2021 at 12:16:10pm PDT
5434;64847;0.0;1620756882.0;12 May 2021 at 2:14:42pm PDT
5434;64847;0.0;1620754465.0;12 May 2021 at 1:34:25pm PDT
5434;64847;0.0;1620582260.0;10 May 2021 at 1:44:20am PDT
5434;64847;0.0;1620582252.0;10 May 2021 at 1:44:12am PDT
5434;64847;0.0;1620582244.0;10 May 2021 at 1:44:04am PDT
5150;64847;1.0;1620867145.0;13 May 2021 at 8:52:25am PDT
11085;43635;0.0;1619042649.0;22 Apr 2021 at 6:04:09pm PDT
10693;43635;0.0;1619134970.0;23 Apr 2021 at 7:42:50am PDT
10494;43635;0.0;1619120078.0;23 Apr 2021 at 3:34:38pm PDT
10371;43635;0.0;1619034269.0;22 Apr 2021 at 3:44:29pm PDT
10147;43635;0.0;1619042760.0;22 Apr 2021 at 6:06:00pm PDT
9717;43635;0.0;1619043336.0;22 Apr 2021 at 6:15:36pm PDT
9717;43635;0.0;1619043333.0;22 Apr 2021 at 6:15:33pm PDT
9717;43635;0.0;1619043330.0;22 Apr 2021 at 6:15:30pm PDT
9717;43635;0.0;1619043328.0;22 Apr 2021 at 6:15:28pm PDT
9717;43635;0.0;1619043325.0;22 Apr 2021 at 6:15:25pm PDT
12399;36573;0.0;1621191235.0;17 May 2021 at 2:53:55pm PDT
12399;36573;0.0;1621191232.0;17 May 2021 at 2:53:52pm PDT
12399;36573;0.0;1621191228.0;17 May 2021 at 2:53:48pm PDT
12399;36573;0.0;1621191225.0;17 May 2021 at 2:53:45pm PDT
12399;36573;0.0;1621191216.0;17 May 2021 at 2:53:36pm PDT
12399;36573;0.0;1621191211.0;17 May 2021 at 2:53:31pm PDT
12399;36573;0.0;1621191206.0;17 May 2021 at 2:53:26pm PDT
12399;36573;0.0;1621048983.0;15 May 2021 at 11:23:03am PDT
1601;36573;0.0;1621013352.0;15 May 2021 at 1:29:12am PDT
1601;36573;0.0;1620966050.0;14 May 2021 at 12:20:50pm PDT
3814;2705;0.0;1621282852.0;18 May 2021 at 4:20:52pm PDT
3814;2705;0.0;1621282847.0;18 May 2021 at 4:20:47pm PDT
3814;2705;0.0;1621282841.0;18 May 2021 at 4:20:41pm PDT
3814;2705;0.0;1621186656.0;17 May 2021 at 1:37:36pm PDT
3814;2705;0.0;1621186651.0;17 May 2021 at 1:37:31pm PDT
3814;2705;0.0;1621186645.0;17 May 2021 at 1:37:25pm PDT
3814;2705;0.0;1621186640.0;17 May 2021 at 1:37:20pm PDT
3814;2705;0.0;1621186635.0;17 May 2021 at 1:37:15pm PDT
3814;2705;0.0;1621186630.0;17 May 2021 at 1:37:10pm PDT
3814;2705;0.0;1621186625.0;17 May 2021 at 1:37:05pm PDT
10441;36543;0.0;1621454840.0;20 May 2021 at 4:07:20am PDT
10441;36543;0.0;1621454755.0;20 May 2021 at 4:05:55am PDT
10441;36543;0.0;1621454746.0;20 May 2021 at 4:05:46am PDT
10441;36543;0.0;1621446652.0;20 May 2021 at 1:50:52am PDT
10441;36543;0.0;1621390357.0;19 May 2021 at 10:12:37am PDT
10441;36543;0.0;1621374176.0;19 May 2021 at 5:42:56am PDT
10441;36543;0.0;1621312213.0;18 May 2021 at 12:30:13pm PDT
10441;36543;0.0;1621312203.0;18 May 2021 at 12:30:03pm PDT
10441;36543;0.0;1621312191.0;18 May 2021 at 12:29:51pm PDT
3400;36543;0.0;1621388884.0;19 May 2021 at 9:48:04am PDT
7390;36484;0.0;1620855848.0;13 May 2021 at 5:44:08am PDT
7390;36484;0.0;1620855844.0;13 May 2021 at 5:44:04am PDT
7390;36484;0.0;1620855840.0;13 May 2021 at 5:44:00am PDT
7390;36484;0.0;1620787678.0;12 May 2021 at 10:47:58pm PDT
7390;36484;0.0;1620787676.0;12 May 2021 at 10:47:56pm PDT
7390;36484;0.0;1620787672.0;12 May 2021 at 10:47:52pm PDT
824;36484;0.0;1621029263.0;15 May 2021 at 5:54:23am PDT
824;36484;0.0;1621029258.0;15 May 2021 at 5:54:18am PDT
824;36484;0.0;1621029254.0;15 May 2021 at 5:54:14am PDT
178;36484;0.0;1620790557.0;12 May 2021 at 11:35:57am PDT
8513;64794;0.0;1620599780.0;10 May 2021 at 6:36:20pm PDT
6881;64794;0.0;1620344232.0;7 May 2021 at 7:37:12pm PDT
6881;64794;0.0;1620236788.0;6 May 2021 at 1:46:28pm PDT
6881;64794;0.0;1620172430.0;5 May 2021 at 7:53:50pm PDT
6881;64794;0.0;1620172374.0;5 May 2021 at 7:52:54pm PDT
6881;64794;0.0;1620163614.0;5 May 2021 at 5:26:54pm PDT
6881;64794;0.0;1620163554.0;5 May 2021 at 5:25:54pm PDT
6881;64794;0.0;1620163544.0;5 May 2021 at 5:25:44pm PDT
6881;64794;0.0;1620163525.0;5 May 2021 at 5:25:25pm PDT
5259;64794;0.0;1620151174.0;5 May 2021 at 1:59:34pm PDT
13943;41467;0.0;1620411379.0;8 May 2021 at 2:16:19pm PDT
13943;41467;0.0;1620411375.0;8 May 2021 at 2:16:15pm PDT
13943;41467;0.0;1620411371.0;8 May 2021 at 2:16:11pm PDT
13943;41467;0.0;1620411367.0;8 May 2021 at 2:16:07pm PDT
13943;41467;0.0;1620411363.0;8 May 2021 at 2:16:03pm PDT
13943;41467;0.0;1620411358.0;8 May 2021 at 2:15:58pm PDT
13943;41467;0.0;1620411354.0;8 May 2021 at 2:15:54pm PDT
13943;41467;0.0;1620411349.0;8 May 2021 at 2:15:49pm PDT
13943;41467;0.0;1620411343.0;8 May 2021 at 2:15:43pm PDT
8802;41467;1.0;1620501427.0;9 May 2021 at 3:17:07am PDT
12702;7432;0.0;1619908833.0;2 May 2021 at 6:40:33pm PDT
12702;7432;0.0;1619908216.0;2 May 2021 at 6:30:16pm PDT
9991;7432;0.0;1619912125.0;2 May 2021 at 7:35:25pm PDT
9991;7432;0.0;1619911968.0;2 May 2021 at 7:32:48pm PDT
9991;7432;0.0;1619911965.0;2 May 2021 at 7:32:45pm PDT
9991;7432;0.0;1619911962.0;2 May 2021 at 7:32:42pm PDT
9991;7432;0.0;1619911920.0;2 May 2021 at 7:32:00pm PDT
9991;7432;0.0;1619911916.0;2 May 2021 at 7:31:56pm PDT
9913;7432;0.0;1620006125.0;3 May 2021 at 9:42:05am PDT
9913;7432;0.0;1619917928.0;2 May 2021 at 9:12:08pm PDT
12510;41399;0.0;1620331346.0;7 May 2021 at 4:02:26am PDT
12510;41399;0.0;1620248797.0;6 May 2021 at 5:06:37am PDT
12510;41399;0.0;1620248759.0;6 May 2021 at 5:05:59am PDT
1973;41399;0.0;1620262766.0;6 May 2021 at 8:59:26pm PDT
1973;41399;0.0;1619911994.0;2 May 2021 at 7:33:14pm PDT
1973;41399;0.0;1619911991.0;2 May 2021 at 7:33:11pm PDT
1973;41399;0.0;1619911989.0;2 May 2021 at 7:33:09pm PDT
1973;41399;0.0;1619911987.0;2 May 2021 at 7:33:07pm PDT
1973;41399;0.0;1619911985.0;2 May 2021 at 7:33:05pm PDT
1973;41399;0.0;1619911131.0;2 May 2021 at 7:18:51pm PDT
11209;2579;0.0;1620862573.0;13 May 2021 at 7:36:13pm PDT
11209;2579;0.0;1620862491.0;13 May 2021 at 7:34:51pm PDT
8929;2579;0.0;1620866615.0;13 May 2021 at 8:43:35pm PDT
8929;2579;0.0;1620866612.0;13 May 2021 at 8:43:32pm PDT
8929;2579;0.0;1620866602.0;13 May 2021 at 8:43:22pm PDT
8929;2579;0.0;1620866599.0;13 May 2021 at 8:43:19pm PDT
8929;2579;0.0;1620866597.0;13 May 2021 at 8:43:17pm PDT
8929;2579;0.0;1620866594.0;13 May 2021 at 8:43:14pm PDT
8929;2579;0.0;1620866591.0;13 May 2021 at 8:43:11pm PDT
8929;2579;0.0;1620866588.0;13 May 2021 at 8:43:08pm PDT
13243;38736;0.0;1620243656.0;6 May 2021 at 3:40:56pm PDT
11100;38736;0.0;1620502253.0;9 May 2021 at 3:30:53pm PDT
11100;38736;0.0;1620502250.0;9 May 2021 at 3:30:50pm PDT
11100;38736;0.0;1620502247.0;9 May 2021 at 3:30:47pm PDT
11100;38736;0.0;1620502244.0;9 May 2021 at 3:30:44pm PDT
11100;38736;0.0;1620502241.0;9 May 2021 at 3:30:41pm PDT
11100;38736;0.0;1620502238.0;9 May 2021 at 3:30:38pm PDT
11100;38736;0.0;1620502234.0;9 May 2021 at 3:30:34pm PDT
11100;38736;0.0;1620502231.0;9 May 2021 at 3:30:31pm PDT
11100;38736;0.0;1620335001.0;7 May 2021 at 5:03:21pm PDT
13387;41384;0.0;1620006567.0;3 May 2021 at 9:49:27pm PDT
4008;41384;1.0;1620433943.0;8 May 2021 at 8:32:23am PDT
3810;41384;0.0;1620427517.0;8 May 2021 at 6:45:17am PDT
3810;41384;0.0;1620427514.0;8 May 2021 at 6:45:14am PDT
3810;41384;0.0;1620427510.0;8 May 2021 at 6:45:10am PDT
3810;41384;0.0;1620427506.0;8 May 2021 at 6:45:06am PDT
3810;41384;0.0;1620427503.0;8 May 2021 at 6:45:03am PDT
3810;41384;0.0;1620427499.0;8 May 2021 at 6:44:59am PDT
3810;41384;0.0;1620427497.0;8 May 2021 at 6:44:57am PDT
3810;41384;0.0;1620427493.0;8 May 2021 at 6:44:53am PDT
14647;7473;0.0;1620340340.0;7 May 2021 at 6:32:20pm PDT
14647;7473;0.0;1620340338.0;7 May 2021 at 6:32:18pm PDT
14647;7473;0.0;1620340336.0;7 May 2021 at 6:32:16pm PDT
14647;7473;0.0;1620340334.0;7 May 2021 at 6:32:14pm PDT
14647;7473;0.0;1620340332.0;7 May 2021 at 6:32:12pm PDT
14647;7473;0.0;1620340330.0;7 May 2021 at 6:32:10pm PDT
14647;7473;0.0;1620340329.0;7 May 2021 at 6:32:09pm PDT
14647;7473;0.0;1620340327.0;7 May 2021 at 6:32:07pm PDT
14647;7473;0.0;1620340325.0;7 May 2021 at 6:32:05pm PDT
14647;7473;0.0;1620340323.0;7 May 2021 at 6:32:03pm PDT
3145;43849;0.0;1619817160.0;1 May 2021 at 5:12:40pm PDT
3145;43849;0.0;1619817155.0;1 May 2021 at 5:12:35pm PDT
3145;43849;0.0;1619817152.0;1 May 2021 at 5:12:32pm PDT
3145;43849;0.0;1619817149.0;1 May 2021 at 5:12:29pm PDT
3145;43849;0.0;1619817114.0;1 May 2021 at 5:11:54pm PDT
3144;43849;0.0;1619817160.0;1 May 2021 at 5:12:40pm PDT
3144;43849;0.0;1619817155.0;1 May 2021 at 5:12:35pm PDT
3144;43849;0.0;1619817152.0;1 May 2021 at 5:12:32pm PDT
3144;43849;0.0;1619817149.0;1 May 2021 at 5:12:29pm PDT
3144;43849;0.0;1619817114.0;1 May 2021 at 5:11:54pm PDT
3469;8909;0.0;1620786710.0;12 May 2021 at 10:31:50pm PDT
3469;8909;0.0;1620782627.0;12 May 2021 at 9:23:47pm PDT
3469;8909;0.0;1620764128.0;12 May 2021 at 4:15:28pm PDT
3469;8909;0.0;1620764126.0;12 May 2021 at 4:15:26pm PDT
3469;8909;0.0;1620525796.0;9 May 2021 at 10:03:16am PDT
3469;8909;0.0;1620525730.0;9 May 2021 at 10:02:10am PDT
3469;8909;0.0;1620525726.0;9 May 2021 at 10:02:06am PDT
3469;8909;0.0;1620336085.0;7 May 2021 at 5:21:25pm PDT
3332;8909;0.0;1620756695.0;12 May 2021 at 2:11:35pm PDT
3332;8909;0.0;1620756690.0;12 May 2021 at 2:11:30pm PDT
7414;44189;0.0;1619742472.0;30 Apr 2021 at 8:27:52am PDT
7414;44189;0.0;1619742457.0;30 Apr 2021 at 8:27:37am PDT
7414;44189;0.0;1619716955.0;30 Apr 2021 at 1:22:35pm PDT
7414;44189;0.0;1619653855.0;29 Apr 2021 at 7:50:55am PDT
7414;44189;0.0;1619653847.0;29 Apr 2021 at 7:50:47am PDT
7386;44189;1.0;1620081036.0;4 May 2021 at 6:30:36pm PDT
7386;44189;0.0;1620080908.0;4 May 2021 at 6:28:28pm PDT
6617;44189;0.0;1619741884.0;30 Apr 2021 at 8:18:04pm PDT
6617;44189;0.0;1619741881.0;30 Apr 2021 at 8:18:01pm PDT
6617;44189;0.0;1619556114.0;28 Apr 2021 at 4:41:54pm PDT
2248;35846;1.0;1620529609.0;9 May 2021 at 11:06:49am PDT
2248;35846;0.0;1619980203.0;3 May 2021 at 2:30:03am PDT
240;35846;0.0;1620099786.0;4 May 2021 at 11:43:06pm PDT
240;35846;0.0;1620099783.0;4 May 2021 at 11:43:03pm PDT
240;35846;0.0;1620099779.0;4 May 2021 at 11:42:59pm PDT
240;35846;0.0;1620099776.0;4 May 2021 at 11:42:56pm PDT
240;35846;0.0;1620099772.0;4 May 2021 at 11:42:52pm PDT
240;35846;0.0;1620099768.0;4 May 2021 at 11:42:48pm PDT
240;35846;0.0;1620099764.0;4 May 2021 at 11:42:44pm PDT
240;35846;0.0;1619927356.0;2 May 2021 at 11:49:16am PDT
2688;10042;0.0;1621133950.0;16 May 2021 at 10:59:10am PDT
2688;10042;0.0;1621120681.0;16 May 2021 at 7:18:01pm PDT
1662;10042;0.0;1620700669.0;11 May 2021 at 10:37:49am PDT
1662;10042;0.0;1620700668.0;11 May 2021 at 10:37:48am PDT
1662;10042;0.0;1620700666.0;11 May 2021 at 10:37:46am PDT
1662;10042;0.0;1620700664.0;11 May 2021 at 10:37:44am PDT
1662;10042;0.0;1620700662.0;11 May 2021 at 10:37:42am PDT
1662;10042;0.0;1620700659.0;11 May 2021 at 10:37:39am PDT
1361;10042;0.0;1621129428.0;16 May 2021 at 9:43:48am PDT
1361;10042;0.0;1621129424.0;16 May 2021 at 9:43:44am PDT
10301;35421;0.0;1620015069.0;3 May 2021 at 12:11:09pm PDT
10301;35421;0.0;1620015058.0;3 May 2021 at 12:10:58pm PDT
10301;35421;0.0;1619915437.0;2 May 2021 at 8:30:37am PDT
10301;35421;0.0;1619915413.0;2 May 2021 at 8:30:13am PDT
10301;35421;0.0;1619805184.0;1 May 2021 at 1:53:04pm PDT
10301;35421;0.0;1619805181.0;1 May 2021 at 1:53:01pm PDT
10301;35421;0.0;1619805179.0;1 May 2021 at 1:52:59pm PDT
10301;35421;0.0;1619805176.0;1 May 2021 at 1:52:56pm PDT
10301;35421;0.0;1619805174.0;1 May 2021 at 1:52:54pm PDT
2777;35421;0.0;1619907937.0;2 May 2021 at 6:25:37am PDT
14338;44441;0.0;1619727767.0;30 Apr 2021 at 4:22:47pm PDT
14338;44441;0.0;1619727736.0;30 Apr 2021 at 4:22:16pm PDT
14338;44441;0.0;1619727721.0;30 Apr 2021 at 4:22:01pm PDT
14338;44441;0.0;1619727717.0;30 Apr 2021 at 4:21:57pm PDT
10928;44441;0.0;1619832615.0;1 May 2021 at 9:30:15am PDT
10928;44441;0.0;1619832612.0;1 May 2021 at 9:30:12am PDT
10928;44441;0.0;1619832609.0;1 May 2021 at 9:30:09am PDT
10928;44441;0.0;1619832607.0;1 May 2021 at 9:30:07am PDT
10928;44441;0.0;1619832603.0;1 May 2021 at 9:30:03am PDT
4086;44441;1.0;1620096243.0;4 May 2021 at 10:44:03pm PDT
10467;44456;0.0;1619827257.0;1 May 2021 at 8:00:57am PDT
10467;44456;0.0;1619827252.0;1 May 2021 at 8:00:52am PDT
10467;44456;0.0;1619827248.0;1 May 2021 at 8:00:48am PDT
10467;44456;0.0;1619827239.0;1 May 2021 at 8:00:39am PDT
10467;44456;0.0;1619827236.0;1 May 2021 at 8:00:36am PDT
10467;44456;0.0;1619827220.0;1 May 2021 at 8:00:20am PDT
4424;44456;1.0;1620175510.0;5 May 2021 at 8:45:10am PDT
4424;44456;0.0;1620174699.0;5 May 2021 at 8:31:39am PDT
4424;44456;0.0;1620174628.0;5 May 2021 at 8:30:28am PDT
4424;44456;0.0;1620174554.0;5 May 2021 at 8:29:14am PDT
13648;44539;1.0;1620437776.0;8 May 2021 at 9:36:16am PDT
13648;44539;0.0;1620419084.0;8 May 2021 at 4:24:44am PDT
13648;44539;0.0;1620419078.0;8 May 2021 at 4:24:38am PDT
13648;44539;0.0;1620248338.0;6 May 2021 at 4:58:58am PDT
11354;44539;0.0;1620430967.0;8 May 2021 at 7:42:47am PDT
11354;44539;0.0;1620430928.0;8 May 2021 at 7:42:08am PDT
11354;44539;0.0;1620423963.0;8 May 2021 at 5:46:03am PDT
11354;44539;0.0;1620423931.0;8 May 2021 at 5:45:31am PDT
11354;44539;0.0;1620423915.0;8 May 2021 at 5:45:15am PDT
1272;44539;0.0;1620354862.0;7 May 2021 at 10:34:22am PDT
5907;1940;0.0;1620326534.0;7 May 2021 at 2:42:14pm PDT
5907;1940;0.0;1620276439.0;6 May 2021 at 12:47:19pm PDT
5907;1940;0.0;1620276430.0;6 May 2021 at 12:47:10pm PDT
5907;1940;0.0;1620276422.0;6 May 2021 at 12:47:02pm PDT
5907;1940;0.0;1620276412.0;6 May 2021 at 12:46:52pm PDT
5907;1940;0.0;1620276405.0;6 May 2021 at 12:46:45pm PDT
5907;1940;0.0;1620276389.0;6 May 2021 at 12:46:29pm PDT
5907;1940;0.0;1620237894.0;6 May 2021 at 2:04:54pm PDT
5907;1940;0.0;1620235443.0;6 May 2021 at 1:24:03pm PDT
5907;1940;0.0;1620235439.0;6 May 2021 at 1:23:59pm PDT
2290;1918;1.0;1620868548.0;13 May 2021 at 9:15:48am PDT
2290;1918;1.0;1620868539.0;13 May 2021 at 9:15:39am PDT
2290;1918;1.0;1620864938.0;13 May 2021 at 8:15:38am PDT
2290;1918;0.0;1620864935.0;13 May 2021 at 8:15:35am PDT
2290;1918;0.0;1620864801.0;13 May 2021 at 8:13:21am PDT
2290;1918;0.0;1620864798.0;13 May 2021 at 8:13:18am PDT
2290;1918;0.0;1620861615.0;13 May 2021 at 7:20:15am PDT
2290;1918;0.0;1620861612.0;13 May 2021 at 7:20:12am PDT
2290;1918;0.0;1620860009.0;13 May 2021 at 6:53:29am PDT
2290;1918;0.0;1620860005.0;13 May 2021 at 6:53:25am PDT
11822;10669;0.0;1621128127.0;16 May 2021 at 9:22:07am PDT
957;10669;0.0;1621133205.0;16 May 2021 at 10:46:45am PDT
957;10669;0.0;1621133089.0;16 May 2021 at 10:44:49am PDT
957;10669;0.0;1621133068.0;16 May 2021 at 10:44:28am PDT
957;10669;0.0;1621133058.0;16 May 2021 at 10:44:18am PDT
957;10669;0.0;1621133047.0;16 May 2021 at 10:44:07am PDT
957;10669;0.0;1621133026.0;16 May 2021 at 10:43:46am PDT
957;10669;0.0;1620791280.0;12 May 2021 at 11:48:00am PDT
957;10669;0.0;1620791273.0;12 May 2021 at 11:47:53am PDT
957;10669;0.0;1620791266.0;12 May 2021 at 11:47:46am PDT
2066;41149;0.0;1619743902.0;30 Apr 2021 at 8:51:42am PDT
2066;41149;0.0;1619743893.0;30 Apr 2021 at 8:51:33am PDT
2066;41149;0.0;1619743867.0;30 Apr 2021 at 8:51:07am PDT
2066;41149;0.0;1619716623.0;30 Apr 2021 at 1:17:03am PDT
2065;41149;0.0;1619743902.0;30 Apr 2021 at 8:51:42am PDT
2065;41149;0.0;1619743893.0;30 Apr 2021 at 8:51:33am PDT
2065;41149;0.0;1619743867.0;30 Apr 2021 at 8:51:07am PDT
2065;41149;0.0;1619716623.0;30 Apr 2021 at 1:17:03am PDT
1736;41149;0.0;1619826954.0;1 May 2021 at 7:55:54pm PDT
1574;41149;0.0;1619826954.0;1 May 2021 at 7:55:54pm PDT
10101;11004;0.0;1621118582.0;16 May 2021 at 6:43:02pm PDT
8258;11004;0.0;1621220322.0;17 May 2021 at 10:58:42am PDT
8258;11004;0.0;1621220139.0;17 May 2021 at 10:55:39am PDT
8258;11004;0.0;1621136729.0;16 May 2021 at 11:45:29pm PDT
8258;11004;0.0;1621136719.0;16 May 2021 at 11:45:19pm PDT
8258;11004;0.0;1621136705.0;16 May 2021 at 11:45:05pm PDT
8258;11004;0.0;1621136695.0;16 May 2021 at 11:44:55pm PDT
8258;11004;0.0;1621136681.0;16 May 2021 at 11:44:41pm PDT
2378;11004;0.0;1621205974.0;17 May 2021 at 6:59:34am PDT
2378;11004;0.0;1621205970.0;17 May 2021 at 6:59:30am PDT
10470;39290;1.0;1621225660.0;17 May 2021 at 12:27:40pm PDT
10470;39290;0.0;1621225651.0;17 May 2021 at 12:27:31pm PDT
10470;39290;0.0;1621225645.0;17 May 2021 at 12:27:25pm PDT
10470;39290;0.0;1621225024.0;17 May 2021 at 12:17:04pm PDT
10470;39290;0.0;1621225003.0;17 May 2021 at 12:16:43pm PDT
10470;39290;0.0;1621224992.0;17 May 2021 at 12:16:32pm PDT
10470;39290;0.0;1621224983.0;17 May 2021 at 12:16:23pm PDT
10470;39290;0.0;1620937353.0;14 May 2021 at 4:22:33pm PDT
10470;39290;0.0;1620937320.0;14 May 2021 at 4:22:00pm PDT
10470;39290;0.0;1620785610.0;12 May 2021 at 10:13:30am PDT
8413;35236;0.0;1619489491.0;27 Apr 2021 at 10:11:31am PDT
8413;35236;0.0;1619489487.0;27 Apr 2021 at 10:11:27am PDT
8413;35236;0.0;1619380396.0;26 Apr 2021 at 3:53:16pm PDT
8413;35236;0.0;1619380389.0;26 Apr 2021 at 3:53:09pm PDT
157;35236;0.0;1619555265.0;28 Apr 2021 at 4:27:45am PDT
157;35236;0.0;1619555261.0;28 Apr 2021 at 4:27:41am PDT
157;35236;0.0;1619555257.0;28 Apr 2021 at 4:27:37am PDT
157;35236;0.0;1619391898.0;26 Apr 2021 at 7:04:58am PDT
157;35236;0.0;1619385266.0;26 Apr 2021 at 5:14:26am PDT
157;35236;0.0;1619385261.0;26 Apr 2021 at 5:14:21am PDT
2420;11020;0.0;1621189894.0;17 May 2021 at 2:31:34pm PDT
2420;11020;0.0;1621188933.0;17 May 2021 at 2:15:33pm PDT
2420;11020;0.0;1621188898.0;17 May 2021 at 2:14:58pm PDT
2420;11020;0.0;1621188871.0;17 May 2021 at 2:14:31pm PDT
2420;11020;0.0;1621184846.0;17 May 2021 at 1:07:26am PDT
2420;11020;0.0;1621184716.0;17 May 2021 at 1:05:16am PDT
2420;11020;0.0;1621127176.0;16 May 2021 at 9:06:16pm PDT
2420;11020;0.0;1621114063.0;16 May 2021 at 5:27:43pm PDT
2420;11020;0.0;1621108696.0;16 May 2021 at 3:58:16pm PDT
2420;11020;0.0;1621016659.0;15 May 2021 at 2:24:19am PDT
2665;35230;0.0;1619469484.0;27 Apr 2021 at 4:38:04am PDT
2665;35230;0.0;1619469440.0;27 Apr 2021 at 4:37:20am PDT
2665;35230;0.0;1619469267.0;27 Apr 2021 at 4:34:27am PDT
2665;35230;0.0;1619469253.0;27 Apr 2021 at 4:34:13am PDT
2665;35230;0.0;1619463777.0;27 Apr 2021 at 3:02:57am PDT
2665;35230;0.0;1619463701.0;27 Apr 2021 at 3:01:41am PDT
2665;35230;0.0;1619463638.0;27 Apr 2021 at 3:00:38am PDT
2665;35230;0.0;1619370992.0;26 Apr 2021 at 1:16:32am PDT
2665;35230;0.0;1619370983.0;26 Apr 2021 at 1:16:23am PDT
1641;35230;0.0;1619207483.0;24 Apr 2021 at 3:51:23am PDT
11894;35218;0.0;1619744585.0;30 Apr 2021 at 9:03:05am PDT
11894;35218;0.0;1619728848.0;30 Apr 2021 at 4:40:48pm PDT
11894;35218;0.0;1619728595.0;30 Apr 2021 at 4:36:35pm PDT
11894;35218;0.0;1619568882.0;28 Apr 2021 at 8:14:42pm PDT
11889;35218;0.0;1619742675.0;30 Apr 2021 at 8:31:15am PDT
11889;35218;0.0;1619728617.0;30 Apr 2021 at 4:36:57pm PDT
11889;35218;0.0;1619727611.0;30 Apr 2021 at 4:20:11pm PDT
11889;35218;0.0;1619722725.0;30 Apr 2021 at 2:58:45pm PDT
881;35218;1.0;1619728877.0;30 Apr 2021 at 4:41:17pm PDT
881;35218;0.0;1619208289.0;24 Apr 2021 at 4:04:49am PDT
8204;35480;0.0;1620094397.0;4 May 2021 at 10:13:17am PDT
8204;35480;0.0;1619836032.0;1 May 2021 at 10:27:12am PDT
3591;35480;1.0;1619975887.0;3 May 2021 at 1:18:07pm PDT
3591;35480;0.0;1619650411.0;29 Apr 2021 at 6:53:31am PDT
3231;35480;0.0;1620100471.0;4 May 2021 at 11:54:31am PDT
3231;35480;0.0;1620100462.0;4 May 2021 at 11:54:22am PDT
3231;35480;0.0;1620100448.0;4 May 2021 at 11:54:08am PDT
3231;35480;0.0;1620100423.0;4 May 2021 at 11:53:43am PDT
3231;35480;0.0;1620100157.0;4 May 2021 at 11:49:17am PDT
3231;35480;0.0;1620100139.0;4 May 2021 at 11:48:59am PDT
10900;39007;0.0;1620857235.0;13 May 2021 at 6:07:15pm PDT
8092;39007;0.0;1620515171.0;9 May 2021 at 7:06:11pm PDT
8092;39007;0.0;1620515169.0;9 May 2021 at 7:06:09pm PDT
8092;39007;0.0;1620515167.0;9 May 2021 at 7:06:07pm PDT
8092;39007;0.0;1620515165.0;9 May 2021 at 7:06:05pm PDT
8092;39007;0.0;1620515162.0;9 May 2021 at 7:06:02pm PDT
8092;39007;0.0;1620515161.0;9 May 2021 at 7:06:01pm PDT
8092;39007;0.0;1620515159.0;9 May 2021 at 7:05:59pm PDT
8092;39007;0.0;1620515156.0;9 May 2021 at 7:05:56pm PDT
8092;39007;0.0;1620515154.0;9 May 2021 at 7:05:54pm PDT
13450;2145;0.0;1621042563.0;15 May 2021 at 9:36:03am PDT
13450;2145;0.0;1621042521.0;15 May 2021 at 9:35:21am PDT
13450;2145;0.0;1621042508.0;15 May 2021 at 9:35:08am PDT
13450;2145;0.0;1621042492.0;15 May 2021 at 9:34:52am PDT
13450;2145;0.0;1621042481.0;15 May 2021 at 9:34:41am PDT
13450;2145;0.0;1621042470.0;15 May 2021 at 9:34:30am PDT
13450;2145;0.0;1621042453.0;15 May 2021 at 9:34:13am PDT
10987;2145;0.0;1620857524.0;13 May 2021 at 6:12:04am PDT
10987;2145;0.0;1620699981.0;11 May 2021 at 10:26:21pm PDT
3632;2145;0.0;1620417173.0;8 May 2021 at 3:52:53pm PDT
4524;35555;0.0;1619824492.0;1 May 2021 at 7:14:52pm PDT
4524;35555;0.0;1619824485.0;1 May 2021 at 7:14:45pm PDT
4524;35555;0.0;1619644418.0;29 Apr 2021 at 5:13:38pm PDT
4524;35555;0.0;1619644412.0;29 Apr 2021 at 5:13:32pm PDT
4524;35555;0.0;1619643346.0;29 Apr 2021 at 4:55:46pm PDT
4524;35555;0.0;1619643339.0;29 Apr 2021 at 4:55:39pm PDT
4524;35555;0.0;1619643331.0;29 Apr 2021 at 4:55:31pm PDT
4524;35555;0.0;1619640949.0;29 Apr 2021 at 4:15:49pm PDT
3922;35555;0.0;1620091071.0;4 May 2021 at 9:17:51am PDT
3922;35555;0.0;1620005458.0;3 May 2021 at 9:30:58pm PDT
3462;44203;0.0;1619808556.0;1 May 2021 at 2:49:16pm PDT
3462;44203;0.0;1619808551.0;1 May 2021 at 2:49:11pm PDT
3462;44203;0.0;1619808541.0;1 May 2021 at 2:49:01pm PDT
3462;44203;0.0;1619808538.0;1 May 2021 at 2:48:58pm PDT
3462;44203;0.0;1619808536.0;1 May 2021 at 2:48:56pm PDT
3462;44203;0.0;1619808515.0;1 May 2021 at 2:48:35pm PDT
3462;44203;0.0;1619808513.0;1 May 2021 at 2:48:33pm PDT
3462;44203;0.0;1619808511.0;1 May 2021 at 2:48:31pm PDT
3462;44203;0.0;1619808509.0;1 May 2021 at 2:48:29pm PDT
3462;44203;0.0;1619808507.0;1 May 2021 at 2:48:27pm PDT
11178;2407;0.0;1621736634.0;23 May 2021 at 10:23:54am PDT
11178;2407;0.0;1621726151.0;23 May 2021 at 7:29:11am PDT
11178;2407;0.0;1621714717.0;23 May 2021 at 4:18:37am PDT
5452;2407;0.0;1621544122.0;21 May 2021 at 4:55:22am PDT
5452;2407;0.0;1621544117.0;21 May 2021 at 4:55:17am PDT
5452;2407;0.0;1621531673.0;21 May 2021 at 1:27:53pm PDT
240;2407;0.0;1621570556.0;21 May 2021 at 12:15:56am PDT
240;2407;0.0;1621570551.0;21 May 2021 at 12:15:51am PDT
240;2407;0.0;1621271792.0;18 May 2021 at 1:16:32am PDT
240;2407;0.0;1621271787.0;18 May 2021 at 1:16:27am PDT
2393;41224;0.0;1620275189.0;6 May 2021 at 12:26:29pm PDT
2393;41224;0.0;1620272295.0;6 May 2021 at 11:38:15am PDT
2393;41224;0.0;1620254977.0;6 May 2021 at 6:49:37am PDT
2393;41224;0.0;1620254975.0;6 May 2021 at 6:49:35am PDT
2393;41224;0.0;1620236336.0;6 May 2021 at 1:38:56pm PDT
2393;41224;0.0;1620236156.0;6 May 2021 at 1:35:56pm PDT
2393;41224;0.0;1620235870.0;6 May 2021 at 1:31:10pm PDT
2393;41224;0.0;1620174643.0;5 May 2021 at 8:30:43pm PDT
2393;41224;0.0;1620078241.0;4 May 2021 at 5:44:01pm PDT
2393;41224;0.0;1620078236.0;4 May 2021 at 5:43:56pm PDT
6889;9183;0.0;1620696451.0;11 May 2021 at 9:27:31pm PDT
6889;9183;0.0;1620696447.0;11 May 2021 at 9:27:27pm PDT
6889;9183;0.0;1620696430.0;11 May 2021 at 9:27:10pm PDT
6889;9183;0.0;1620696423.0;11 May 2021 at 9:27:03pm PDT
6889;9183;0.0;1620696415.0;11 May 2021 at 9:26:55pm PDT
6889;9183;0.0;1620673964.0;11 May 2021 at 3:12:44pm PDT
6889;9183;0.0;1620671274.0;11 May 2021 at 2:27:54pm PDT
6889;9183;0.0;1620519632.0;9 May 2021 at 8:20:32am PDT
6889;9183;0.0;1620424732.0;8 May 2021 at 5:58:52pm PDT
1783;9183;1.0;1620696451.0;11 May 2021 at 9:27:31pm PDT
7076;35792;0.0;1619922199.0;2 May 2021 at 10:23:19pm PDT
788;35792;0.0;1620426693.0;8 May 2021 at 6:31:33pm PDT
788;35792;0.0;1620426691.0;8 May 2021 at 6:31:31pm PDT
788;35792;0.0;1620426688.0;8 May 2021 at 6:31:28pm PDT
788;35792;0.0;1620426683.0;8 May 2021 at 6:31:23pm PDT
788;35792;0.0;1620425772.0;8 May 2021 at 6:16:12pm PDT
788;35792;0.0;1620425754.0;8 May 2021 at 6:15:54pm PDT
788;35792;0.0;1620425750.0;8 May 2021 at 6:15:50pm PDT
788;35792;0.0;1620345946.0;7 May 2021 at 8:05:46pm PDT
788;35792;0.0;1620345932.0;7 May 2021 at 8:05:32pm PDT
4989;67636;0.0;1619573392.0;28 Apr 2021 at 9:29:52pm PDT
4989;67636;0.0;1619573368.0;28 Apr 2021 at 9:29:28pm PDT
4989;67636;0.0;1619573361.0;28 Apr 2021 at 9:29:21pm PDT
4989;67636;0.0;1619572415.0;28 Apr 2021 at 9:13:35pm PDT
4989;67636;0.0;1619572409.0;28 Apr 2021 at 9:13:29pm PDT
4989;67636;0.0;1619567506.0;28 Apr 2021 at 7:51:46am PDT
4989;67636;0.0;1619563178.0;28 Apr 2021 at 6:39:38am PDT
4989;67636;0.0;1619549555.0;28 Apr 2021 at 2:52:35pm PDT
4989;67636;0.0;1619549547.0;28 Apr 2021 at 2:52:27pm PDT
4634;67636;0.0;1619581535.0;28 Apr 2021 at 11:45:35am PDT
8902;2244;0.0;1621044846.0;15 May 2021 at 10:14:06pm PDT
337;2244;0.0;1621134095.0;16 May 2021 at 11:01:35am PDT
337;2244;0.0;1621130619.0;16 May 2021 at 10:03:39am PDT
337;2244;0.0;1621130596.0;16 May 2021 at 10:03:16am PDT
337;2244;0.0;1621126675.0;16 May 2021 at 8:57:55am PDT
337;2244;1.0;1621102262.0;16 May 2021 at 2:11:02pm PDT
337;2244;1.0;1621102153.0;16 May 2021 at 2:09:13pm PDT
337;2244;1.0;1621102137.0;16 May 2021 at 2:08:57pm PDT
337;2244;1.0;1621102106.0;16 May 2021 at 2:08:26pm PDT
337;2244;0.0;1621101022.0;16 May 2021 at 1:50:22pm PDT
14498;7204;0.0;1620421281.0;8 May 2021 at 5:01:21pm PDT
13871;7204;0.0;1619994233.0;3 May 2021 at 6:23:53am PDT
13549;7204;0.0;1620445659.0;8 May 2021 at 11:47:39pm PDT
13549;7204;0.0;1620445657.0;8 May 2021 at 11:47:37pm PDT
13549;7204;0.0;1620445655.0;8 May 2021 at 11:47:35pm PDT
13549;7204;0.0;1620445653.0;8 May 2021 at 11:47:33pm PDT
13549;7204;0.0;1620445650.0;8 May 2021 at 11:47:30pm PDT
13549;7204;0.0;1620445647.0;8 May 2021 at 11:47:27pm PDT
13549;7204;0.0;1620424625.0;8 May 2021 at 5:57:05pm PDT
13549;7204;0.0;1620424623.0;8 May 2021 at 5:57:03pm PDT
12235;67770;0.0;1619663013.0;29 Apr 2021 at 10:23:33am PDT
2847;67770;0.0;1619929440.0;2 May 2021 at 12:24:00am PDT
2847;67770;0.0;1619929437.0;2 May 2021 at 12:23:57am PDT
2847;67770;0.0;1619929434.0;2 May 2021 at 12:23:54am PDT
2847;67770;0.0;1619929424.0;2 May 2021 at 12:23:44am PDT
2847;67770;0.0;1619929421.0;2 May 2021 at 12:23:41am PDT
2847;67770;0.0;1619929419.0;2 May 2021 at 12:23:39am PDT
2847;67770;0.0;1619929415.0;2 May 2021 at 12:23:35am PDT
2847;67770;0.0;1619844748.0;1 May 2021 at 12:52:28pm PDT
2847;67770;0.0;1619810412.0;1 May 2021 at 3:20:12am PDT
4127;2200;0.0;1620518680.0;9 May 2021 at 8:04:40am PDT
3185;2200;0.0;1621125954.0;16 May 2021 at 8:45:54am PDT
3185;2200;0.0;1621125948.0;16 May 2021 at 8:45:48am PDT
3185;2200;0.0;1621018228.0;15 May 2021 at 2:50:28pm PDT
3185;2200;0.0;1621018224.0;15 May 2021 at 2:50:24pm PDT
79;2200;0.0;1621209999.0;17 May 2021 at 8:06:39am PDT
79;2200;0.0;1621209994.0;17 May 2021 at 8:06:34am PDT
79;2200;0.0;1621209990.0;17 May 2021 at 8:06:30am PDT
79;2200;0.0;1621209985.0;17 May 2021 at 8:06:25am PDT
79;2200;0.0;1621209950.0;17 May 2021 at 8:05:50am PDT
12821;64423;0.0;1620262040.0;6 May 2021 at 8:47:20am PDT
12821;64423;1.0;1620239655.0;6 May 2021 at 2:34:15pm PDT
12821;64423;0.0;1620239642.0;6 May 2021 at 2:34:02pm PDT
12821;64423;0.0;1620239639.0;6 May 2021 at 2:33:59pm PDT
12821;64423;0.0;1620239636.0;6 May 2021 at 2:33:56pm PDT
12821;64423;0.0;1620239632.0;6 May 2021 at 2:33:52pm PDT
12821;64423;0.0;1619975823.0;3 May 2021 at 1:17:03pm PDT
9742;64423;0.0;1620182616.0;5 May 2021 at 10:43:36pm PDT
9742;64423;0.0;1620182612.0;5 May 2021 at 10:43:32pm PDT
9742;64423;0.0;1620182607.0;5 May 2021 at 10:43:27pm PDT
10843;44333;0.0;1620532010.0;9 May 2021 at 11:46:50am PDT
10822;44333;0.0;1620001039.0;3 May 2021 at 8:17:19am PDT
10822;44333;0.0;1620000977.0;3 May 2021 at 8:16:17am PDT
10822;44333;0.0;1619986013.0;3 May 2021 at 4:06:53am PDT
10802;44333;0.0;1620004998.0;3 May 2021 at 9:23:18am PDT
10802;44333;0.0;1620004995.0;3 May 2021 at 9:23:15am PDT
10802;44333;0.0;1620004991.0;3 May 2021 at 9:23:11am PDT
10802;44333;0.0;1620004987.0;3 May 2021 at 9:23:07am PDT
10802;44333;0.0;1620004983.0;3 May 2021 at 9:23:03am PDT
10802;44333;0.0;1620004979.0;3 May 2021 at 9:22:59am PDT
10108;9619;0.0;1620706387.0;11 May 2021 at 12:13:07pm PDT
10108;9619;0.0;1620600577.0;10 May 2021 at 6:49:37pm PDT
8409;9619;0.0;1620707793.0;11 May 2021 at 12:36:33am PDT
8409;9619;0.0;1620688533.0;11 May 2021 at 7:15:33am PDT
8409;9619;0.0;1620688523.0;11 May 2021 at 7:15:23am PDT
8409;9619;0.0;1620688514.0;11 May 2021 at 7:15:14am PDT
8409;9619;0.0;1620615767.0;10 May 2021 at 11:02:47am PDT
8409;9619;0.0;1620529893.0;9 May 2021 at 11:11:33am PDT
8199;9619;0.0;1620704896.0;11 May 2021 at 11:48:16am PDT
8199;9619;0.0;1620704887.0;11 May 2021 at 11:48:07am PDT
14130;67825;0.0;1620082737.0;4 May 2021 at 6:58:57am PDT
14130;67825;0.0;1620082734.0;4 May 2021 at 6:58:54am PDT
14130;67825;0.0;1620082730.0;4 May 2021 at 6:58:50am PDT
14130;67825;0.0;1620078607.0;4 May 2021 at 5:50:07am PDT
14130;67825;0.0;1620063829.0;4 May 2021 at 1:43:49pm PDT
14130;67825;0.0;1620063805.0;4 May 2021 at 1:43:25pm PDT
14130;67825;0.0;1620063796.0;4 May 2021 at 1:43:16pm PDT
14130;67825;0.0;1619993809.0;3 May 2021 at 6:16:49am PDT
