bidderID;bidderrate;asin;bid;price
1777;181.0;0;500.0;1625.0
3379;7.0;0;600.0;1625.0
917;60.0;0;800.0;1625.0
534;5.0;0;1500.0;1625.0
1524;6.0;0;1600.0;1625.0
949;0.0;1;225.0;500.0
2276;33.0;1;500.0;500.0
222;58.0;2;300.0;740.0
11;3.0;2;305.0;740.0
669;30.0;2;450.0;740.0
104;5.0;2;450.0;740.0
2506;5.0;2;560.0;740.0
1697;18.0;3;225.0;320.0
2982;82.0;3;310.0;320.0
627;0.0;4;100.0;177.5
1764;2.0;4;120.0;177.5
2729;0.0;4;175.0;177.5
1046;4.0;4;177.5;177.5
112;65.0;5;29.0;227.5
1532;1.0;5;30.0;227.5
2742;0.0;5;50.0;227.5
870;33.0;5;111.0;227.5
1989;43.0;5;119.51;227.5
551;5.0;5;200.0;227.5
1462;126.0;5;205.0;227.5
2283;777.0;5;227.5;227.5
2797;9.0;6;600.0;1725.0
1956;1.0;6;650.0;1725.0
1144;21.0;6;670.0;1725.0
2871;0.0;6;840.0;1725.0
2697;71.0;6;900.0;1725.0
838;0.0;6;1000.0;1725.0
1856;11.0;6;1200.0;1725.0
2330;6.0;6;1500.0;1725.0
1885;0.0;6;1700.0;1725.0
900;4.0;6;1725.0;1725.0
2761;3.0;7;250.0;255.0
656;6.0;7;255.0;255.0
99;0.0;8;30.0;374.99
1440;5.0;8;100.0;374.99
2295;11.0;8;100.0;374.99
879;10.0;8;150.0;374.99
2698;24.0;8;180.0;374.99
1820;5.0;8;205.0;374.99
1810;23.0;8;257.55;374.99
1755;40.0;8;300.0;374.99
525;8.0;8;374.99;374.99
1338;45.0;9;5.0;185.0
3070;24.0;9;15.5;185.0
1311;152.0;9;150.0;185.0
488;28.0;10;157.5;501.62
2662;0.0;10;166.0;501.62
2122;3.0;10;200.0;501.62
1142;0.0;10;201.0;501.62
3291;127.0;10;251.0;501.62
42;5.0;10;270.0;501.62
853;45.0;10;331.0;501.62
2595;0.0;10;350.0;501.62
796;10.0;10;450.0;501.62
219;36.0;10;475.5;501.62
1889;27.0;10;501.0;501.62
2572;25.0;10;501.62;501.62
1274;38.0;11;6.0;256.51
2723;1.0;11;25.0;256.51
691;14.0;11;30.0;256.51
1721;29.0;11;76.56;256.51
2726;46.0;11;90.0;256.51
1562;1.0;11;100.0;256.51
313;0.0;11;110.5;256.51
1349;168.0;11;155.5;256.51
2880;22.0;11;165.5;256.51
1479;125.0;11;251.51;256.51
2961;2.0;11;256.51;256.51
81;33.0;12;1170.0;1195.0
1772;10.0;12;1195.0;1195.0
1225;218.0;13;224.5;224.5
354;2.0;14;1.0;355.0
3223;1.0;14;30.0;355.0
2291;15.0;14;50.0;355.0
1705;0.0;14;75.0;355.0
264;1.0;14;200.0;355.0
181;12.0;14;300.0;355.0
326;1.0;14;355.0;355.0
134;7.0;15;5100.0;5400.0
1073;0.0;15;5200.0;5400.0
3131;2.0;16;926.0;2025.0
2995;172.0;16;1000.0;2025.0
1857;0.0;16;1100.0;2025.0
3238;46.0;16;1150.0;2025.0
3225;1.0;16;1250.0;2025.0
1280;6.0;16;1300.0;2025.0
172;2.0;16;1750.0;2025.0
506;13.0;17;100.0;1525.0
2159;37.0;17;251.0;1525.0
1766;2.0;17;500.0;1525.0
1244;6.0;17;600.0;1525.0
2261;7.0;17;650.0;1525.0
2123;9.0;17;850.0;1525.0
3205;84.0;17;1035.0;1525.0
68;40.0;17;1200.0;1525.0
308;40.0;17;1455.99;1525.0
1277;42.0;18;10.0;103.5
1158;0.0;18;15.0;103.5
1803;29.0;18;20.0;103.5
479;218.0;18;35.0;103.5
1427;0.0;18;55.0;103.5
1695;0.0;18;100.0;103.5
1432;2.0;18;103.5;103.5
2619;2.0;19;50.0;455.0
1325;174.0;19;61.0;455.0
2583;10.0;19;200.99;455.0
3139;3.0;19;350.0;455.0
2604;50.0;19;406.0;455.0
2439;24.0;19;416.0;455.0
696;2.0;19;450.0;455.0
679;63.0;20;15.99;41.45
943;0.0;20;20.0;41.45
2431;72.0;20;20.0;41.45
1607;122.0;20;22.0;41.45
2776;5.0;20;23.0;41.45
1246;15.0;20;25.0;41.45
74;15.0;20;33.0;41.45
3278;157.0;20;33.01;41.45
3256;41.0;20;41.45;41.45
1240;0.0;21;550.0;1800.0
1836;2.0;21;1000.0;1800.0
3068;7.0;21;1200.0;1800.0
2024;1.0;21;1750.0;1800.0
3237;12.0;22;25.0;300.0
2829;29.0;22;27.0;300.0
96;39.0;22;30.0;300.0
952;23.0;22;75.0;300.0
3044;217.0;22;76.0;300.0
2052;133.0;22;81.0;300.0
2804;8.0;22;120.0;300.0
2630;0.0;22;200.0;300.0
2364;-1.0;22;275.0;300.0
1819;1.0;22;295.0;300.0
1199;1268.0;22;300.0;300.0
2493;18.0;23;50.0;202.5
715;2.0;23;60.0;202.5
2885;64.0;23;65.0;202.5
1567;4.0;23;100.0;202.5
460;5.0;23;101.0;202.5
836;6.0;23;150.0;202.5
5;19.0;24;1.0;2395.0
1364;8.0;24;100.0;2395.0
1443;0.0;24;500.0;2395.0
590;0.0;24;500.0;2395.0
2513;3.0;24;1201.0;2395.0
1905;27.0;24;1300.0;2395.0
2854;0.0;24;2000.0;2395.0
2647;63.0;24;2395.0;2395.0
1273;100.0;25;1.25;560.0
2279;27.0;25;3.0;560.0
1047;6.0;25;15.0;560.0
1795;10.0;25;25.0;560.0
1125;79.0;25;75.0;560.0
2708;0.0;25;77.0;560.0
2952;23.0;25;333.33;560.0
2050;19.0;25;333.33;560.0
2120;2.0;25;454.44;560.0
1167;0.0;25;464.44;560.0
2868;6.0;25;560.0;560.0
1481;13.0;26;50.0;1725.0
2239;84.0;26;55.0;1725.0
1416;21.0;26;101.0;1725.0
3221;0.0;26;156.0;1725.0
1109;0.0;26;495.0;1725.0
3381;0.0;26;611.0;1725.0
2324;13.0;26;639.0;1725.0
3252;5.0;26;777.77;1725.0
1401;3.0;26;800.0;1725.0
2573;0.0;26;800.0;1725.0
3304;83.0;26;909.0;1725.0
2563;0.0;26;1023.0;1725.0
1722;8.0;26;1252.0;1725.0
2631;12.0;26;1302.0;1725.0
2211;0.0;26;1500.0;1725.0
791;99.0;26;1650.0;1725.0
921;2.0;26;1700.0;1725.0
638;31.0;26;1725.0;1725.0
511;42.0;27;12.0;317.0
2711;7.0;27;50.0;317.0
1319;0.0;27;250.0;317.0
206;134.0;27;277.77;317.0
393;207.0;27;301.0;317.0
1638;188.0;28;1599.0;1600.0
1999;0.0;29;550.0;880.0
2309;2.0;29;575.0;880.0
581;0.0;29;830.0;880.0
1985;1.0;29;860.0;880.0
1008;4.0;30;100.0;200.01
1288;2.0;30;200.0;200.01
1068;0.0;31;2350.0;2425.0
2003;102.0;32;200.0;450.0
1752;479.0;32;410.99;450.0
124;0.0;33;365.0;370.0
3203;7.0;34;20.0;349.99
1089;25.0;34;30.0;349.99
882;65.0;34;50.0;349.99
1704;0.0;34;60.0;349.99
977;8.0;34;125.01;349.99
2391;2.0;34;161.0;349.99
3032;102.0;34;275.0;349.99
728;249.0;35;1599.99;1894.78
37;1.0;35;1869.78;1894.78
2939;93.0;35;1894.78;1894.78
3239;3.0;36;300.0;550.0
1758;0.0;36;300.0;550.0
2428;129.0;36;360.0;550.0
1385;4.0;37;50.0;155.0
2229;1.0;37;52.0;155.0
2827;7.0;37;127.0;155.0
1059;2.0;38;275.0;1925.0
984;0.0;38;1250.0;1925.0
108;0.0;38;1875.0;1925.0
1415;0.0;38;1900.0;1925.0
2352;17.0;39;250.0;456.0
2707;4.0;39;300.0;456.0
556;1.0;39;351.0;456.0
1117;65.0;39;456.0;456.0
1234;30.0;40;401.21;402.0
2288;0.0;41;125.0;435.0
2441;4.0;41;150.0;435.0
3202;226.0;41;175.75;435.0
2977;191.0;41;200.0;435.0
2788;6.0;41;200.0;435.0
2045;0.0;41;222.0;435.0
3166;19.0;41;350.0;435.0
2527;67.0;41;380.0;435.0
1482;1.0;41;430.0;435.0
1023;12.0;41;435.0;435.0
1780;2.0;42;200.0;623.26
263;26.0;42;250.0;623.26
312;25.0;42;325.0;623.26
2197;0.0;42;500.0;623.26
248;35.0;42;572.06;623.26
117;2.0;42;623.26;623.26
2772;0.0;43;305.0;510.0
179;1.0;43;350.0;510.0
2292;5.0;43;400.0;510.0
3051;7.0;43;500.0;510.0
808;6.0;43;510.0;510.0
2424;127.0;44;158.0;355.0
2660;3.0;44;240.0;355.0
1566;25.0;44;250.01;355.0
1096;98.0;44;296.0;355.0
138;1.0;44;325.0;355.0
1270;9.0;44;350.0;355.0
3059;181.0;45;1724.0;1799.0
1660;12.0;45;1778.0;1799.0
2546;3.0;46;70.0;510.0
1960;1.0;46;100.0;510.0
2266;8.0;46;200.0;510.0
119;48.0;46;355.0;510.0
3129;41.0;47;9.99;305.0
1844;16.0;47;10.49;305.0
668;4.0;48;21.0;150.0
2124;0.0;49;500.0;1025.0
2613;0.0;49;620.0;1025.0
1480;15.0;49;720.0;1025.0
2530;115.0;49;855.5;1025.0
486;9.0;50;11.0;1125.0
403;60.0;50;50.0;1125.0
1076;21.0;50;200.01;1125.0
2612;11.0;50;265.0;1125.0
291;2.0;50;1000.0;1125.0
1647;121.0;50;1125.0;1125.0
1252;55.0;51;410.0;1825.0
3160;64.0;51;420.0;1825.0
3286;4.0;51;550.0;1825.0
2914;1.0;51;700.0;1825.0
2949;128.0;51;900.0;1825.0
1261;1.0;51;950.0;1825.0
3367;1.0;51;1001.0;1825.0
2920;37.0;51;1800.0;1825.0
970;15.0;51;1825.0;1825.0
2512;45.0;52;675.0;831.0
1183;0.0;52;695.0;831.0
2416;15.0;52;700.0;831.0
1641;2.0;52;720.0;831.0
255;5.0;52;740.0;831.0
3249;0.0;52;750.0;831.0
2370;0.0;52;811.0;831.0
1537;15.0;52;831.0;831.0
3028;46.0;53;750.0;841.0
901;0.0;53;811.0;841.0
2036;5.0;54;425.0;430.0
151;2.0;55;350.0;1225.0
2785;31.0;55;700.0;1225.0
1696;0.0;55;720.0;1225.0
1516;3.0;55;800.0;1225.0
1456;0.0;55;1000.0;1225.0
1237;0.0;55;1100.0;1225.0
62;25.0;55;1225.0;1225.0
3265;-2.0;56;50.0;400.0
979;28.0;56;100.0;400.0
2709;4.0;56;400.0;400.0
451;1.0;57;110.0;276.05
174;42.0;57;200.0;276.05
203;13.0;57;251.0;276.05
2043;15.0;57;256.0;276.05
1629;7.0;57;275.0;276.05
964;36.0;57;276.05;276.05
235;54.0;58;999.0;1599.0
2436;22.0;58;1500.0;1599.0
3335;18.0;59;350.0;2600.0
2968;0.0;59;360.0;2600.0
2350;0.0;59;1100.0;2600.0
3323;5.0;59;1250.0;2600.0
2901;3.0;59;1500.0;2600.0
259;7.0;59;2150.0;2600.0
3351;0.0;59;2350.0;2600.0
1171;558.0;59;2569.77;2600.0
2661;6.0;60;504.0;1025.0
735;5.0;60;551.0;1025.0
2869;0.0;60;900.0;1025.0
3062;115.0;61;100.0;405.0
2081;0.0;61;140.45;405.0
2419;5.0;61;185.0;405.0
2618;1.0;61;200.0;405.0
3359;1.0;61;266.0;405.0
3168;3.0;62;110.0;326.0
2054;17.0;62;150.0;326.0
3152;0.0;62;175.0;326.0
1813;5.0;62;200.0;326.0
367;29.0;62;250.0;326.0
1533;7.0;62;295.0;326.0
36;56.0;63;12.5;40.87
439;8.0;63;39.87;40.87
3240;41.0;63;40.87;40.87
2440;0.0;64;11.0;26.0
1085;135.0;65;900.0;3800.0
2809;146.0;65;2000.0;3800.0
443;20.0;65;2050.0;3800.0
2262;3.0;65;2100.0;3800.0
1679;1.0;65;3000.0;3800.0
1674;26.0;66;150.0;1600.0
874;285.0;66;777.0;1600.0
232;129.0;66;818.18;1600.0
2348;6.0;66;870.0;1600.0
1392;6.0;66;1050.0;1600.0
2959;4.0;66;1500.0;1600.0
1798;64.0;67;1.0;1400.0
2235;71.0;67;100.0;1400.0
3207;99.0;67;400.01;1400.0
279;3.0;67;1100.0;1400.0
257;19.0;68;10.0;374.0
598;-1.0;68;60.0;374.0
914;0.0;69;20.0;3103.0
3045;55.0;69;100.99;3103.0
805;9.0;69;185.0;3103.0
2000;12.0;69;250.0;3103.0
2353;0.0;69;1150.0;3103.0
1441;0.0;69;1200.0;3103.0
3201;145.0;69;1800.0;3103.0
1263;31.0;69;1850.0;3103.0
3344;16.0;69;2000.0;3103.0
555;3.0;69;2025.0;3103.0
1794;44.0;69;2300.0;3103.0
1347;18.0;69;2600.0;3103.0
2246;7.0;69;2953.0;3103.0
2187;2.0;70;525.0;2100.0
905;8.0;70;800.0;2100.0
533;4.0;70;1800.0;2100.0
1107;15.0;71;1.0;300.0
1366;4.0;71;15.0;300.0
3297;52.0;71;50.0;300.0
2737;47.0;71;80.0;300.0
1195;71.0;71;130.0;300.0
1947;0.0;71;300.0;300.0
619;7.0;72;800.0;1524.99
339;10.0;72;1400.0;1524.99
2828;2.0;72;1424.99;1524.99
1547;1.0;73;350.0;430.0
267;29.0;73;355.0;430.0
1156;2.0;73;375.0;430.0
1348;0.0;73;415.0;430.0
2206;10.0;74;110.0;425.0
2249;0.0;74;179.99;425.0
2756;0.0;74;300.0;425.0
1014;0.0;75;3.0;1038.99
3232;10.0;75;50.0;1038.99
1773;20.0;75;55.0;1038.99
2988;84.0;75;111.11;1038.99
145;1.0;75;500.0;1038.99
3346;187.0;75;570.0;1038.99
1092;11.0;75;699.0;1038.99
1654;92.0;75;721.0;1038.99
101;43.0;75;751.01;1038.99
2667;83.0;75;800.0;1038.99
599;20.0;75;1013.99;1038.99
51;17.0;75;1038.99;1038.99
311;22.0;76;50.0;640.0
2358;1.0;76;125.0;640.0
2305;124.0;76;200.0;640.0
144;457.0;76;450.0;640.0
1478;67.0;76;545.0;640.0
430;112.0;76;640.0;640.0
1971;6.0;77;20.0;498.0
107;4.0;77;21.0;498.0
1154;0.0;77;22.0;498.0
2425;28.0;77;25.99;498.0
687;54.0;77;29.0;498.0
531;1.0;77;50.0;498.0
449;67.0;77;60.0;498.0
1992;1.0;77;87.99;498.0
1372;2.0;77;250.0;498.0
21;51.0;77;420.0;498.0
153;9.0;78;650.0;935.0
1064;3.0;78;895.0;935.0
1038;47.0;79;155.0;305.0
2412;24.0;79;181.0;305.0
3145;11.0;79;200.0;305.0
981;121.0;79;207.0;305.0
1658;200.0;79;226.51;305.0
2397;118.0;79;228.0;305.0
950;3.0;79;268.0;305.0
1063;27.0;79;300.0;305.0
3113;11.0;79;305.0;305.0
113;60.0;80;1.0;455.0
38;14.0;80;15.0;455.0
2925;20.0;80;45.0;455.0
3138;116.0;80;166.0;455.0
2186;10.0;80;320.0;455.0
674;7.0;80;350.0;455.0
1683;3.0;80;420.0;455.0
922;10.0;80;455.0;455.0
891;15.0;81;300.0;1800.0
3215;55.0;81;500.0;1800.0
2217;0.0;81;650.0;1800.0
2538;47.0;81;1100.0;1800.0
2783;0.0;81;1350.0;1800.0
1994;0.0;81;1600.0;1800.0
1896;0.0;81;1775.0;1800.0
1254;0.0;81;1775.0;1800.0
974;3.0;82;15.0;327.23
779;1.0;82;20.0;327.23
452;2.0;82;65.5;327.23
2565;5.0;82;85.0;327.23
3211;294.0;82;250.0;327.23
234;32.0;83;7.1;386.0
2060;46.0;83;122.22;386.0
209;4.0;84;50.0;500.0
1318;17.0;84;52.0;500.0
3209;10.0;84;80.0;500.0
1049;38.0;84;120.0;500.0
1168;36.0;84;252.5;500.0
3015;10.0;84;500.0;500.0
2218;6.0;85;155.0;610.0
2646;33.0;85;169.5;610.0
322;0.0;85;200.0;610.0
1324;2.0;85;500.0;610.0
2421;0.0;85;520.0;610.0
2719;1838.0;85;610.0;610.0
1842;0.0;86;210.0;511.0
1514;1.0;86;500.0;511.0
1267;0.0;86;511.0;511.0
2611;64.0;87;175.0;280.0
1672;5.0;87;200.0;280.0
2687;4.0;87;215.0;280.0
2620;781.0;88;52.55;113.5
710;1.0;88;75.0;113.5
747;151.0;88;113.5;113.5
600;0.0;89;120.0;438.0
1439;3.0;89;250.0;438.0
2520;12.0;90;252.5;355.0
1389;11.0;90;300.0;355.0
649;75.0;90;326.99;355.0
3210;1.0;90;355.0;355.0
285;5.0;91;1500.0;1735.0
3014;2.0;92;2.0;202.5
336;0.0;92;20.0;202.5
2693;242.0;92;66.06;202.5
568;0.0;92;67.0;202.5
1413;2.0;92;100.0;202.5
1945;31.0;92;150.0;202.5
152;23.0;92;199.0;202.5
130;10.0;93;35.0;1226.0
2476;217.0;93;99.0;1226.0
1241;3.0;93;200.0;1226.0
729;159.0;93;400.0;1226.0
733;9.0;93;800.0;1226.0
849;0.0;93;1050.0;1226.0
1431;0.0;93;1200.0;1226.0
3259;762.0;94;2.0;620.0
1301;493.0;94;250.0;620.0
893;1.0;94;310.0;620.0
3224;200.0;94;333.33;620.0
2238;1.0;94;450.0;620.0
253;0.0;94;490.0;620.0
59;20.0;95;400.0;752.56
2557;2.0;95;400.0;752.56
327;7.0;95;650.0;752.56
2659;23.0;96;210.0;452.87
3368;33.0;96;300.0;452.87
2410;3.0;96;375.0;452.87
1540;23.0;96;450.0;452.87
3347;4.0;97;203.0;1000.0
655;19.0;97;400.0;1000.0
1114;2.0;97;500.0;1000.0
471;14.0;97;500.0;1000.0
1576;2.0;97;520.0;1000.0
2001;70.0;97;650.0;1000.0
550;0.0;97;800.0;1000.0
1062;0.0;98;1500.0;1525.0
1855;0.0;98;1525.0;1525.0
1563;75.0;99;5.0;390.0
1296;1.0;99;9.0;390.0
2125;38.0;99;35.0;390.0
1337;122.0;99;100.0;390.0
2164;50.0;99;206.0;390.0
1744;31.0;99;300.0;390.0
1869;2.0;99;390.0;390.0
2570;19.0;100;2.0;1035.0
1145;24.0;100;2.5;1035.0
309;14.0;100;12.22;1035.0
2819;76.0;100;15.0;1035.0
3354;1.0;100;25.0;1035.0
504;36.0;100;100.0;1035.0
1205;17.0;100;576.0;1035.0
240;4.0;100;1010.0;1035.0
2107;0.0;100;1035.0;1035.0
1321;0.0;101;100.0;905.45
754;42.0;101;400.0;905.45
1159;21.0;101;466.0;905.45
1449;76.0;101;500.0;905.45
1343;0.0;101;790.0;905.45
1838;214.0;101;826.34;905.45
3122;8.0;102;125.99;1250.0
1917;0.0;102;261.99;1250.0
1701;38.0;102;404.34;1250.0
539;0.0;102;600.0;1250.0
2653;0.0;102;820.0;1250.0
2487;0.0;102;1000.0;1250.0
434;1.0;103;251.5;335.0
1694;26.0;103;300.0;335.0
1421;129.0;104;3.0;306.88
2688;12.0;104;5.0;306.88
2231;24.0;104;250.0;306.88
3018;0.0;104;300.0;306.88
1823;150.0;104;301.88;306.88
3080;23.0;104;306.88;306.88
1005;259.0;105;99.0;179.5
848;38.0;105;100.0;179.5
719;239.0;105;144.0;179.5
1178;1.0;106;160.0;176.5
3115;18.0;106;169.0;176.5
652;3.0;106;176.5;176.5
2328;11.0;107;25.0;680.0
725;100.0;107;29.99;680.0
3077;29.0;107;51.55;680.0
1166;11.0;107;250.0;680.0
2131;8.0;107;277.75;680.0
1903;1.0;107;333.33;680.0
2392;241.0;107;350.0;680.0
2650;10.0;107;412.53;680.0
2519;1.0;107;500.0;680.0
3360;5.0;107;600.0;680.0
2111;119.0;108;100.0;407.0
7;48.0;108;103.33;407.0
2845;11.0;108;108.33;407.0
2135;17.0;108;260.0;407.0
1351;1.0;109;300.0;405.0
1031;1.0;110;349.0;540.0
2950;2.0;110;360.0;540.0
2875;1.0;110;370.0;540.0
2166;907.0;110;401.98;540.0
3109;3.0;110;455.0;540.0
2473;0.0;110;540.0;540.0
2307;13.0;111;180.0;202.5
1489;0.0;112;250.0;405.0
1140;3.0;112;299.99;405.0
642;1.0;112;400.0;405.0
1539;34.0;113;256.0;960.0
3317;16.0;113;950.0;960.0
1354;8.0;113;960.0;960.0
1297;0.0;114;25.0;731.21
2849;4.0;114;50.0;731.21
88;2.0;114;65.0;731.21
1079;0.0;114;160.0;731.21
1583;1.0;114;400.0;731.21
884;135.0;114;402.51;731.21
1284;10.0;114;470.0;731.21
3079;11.0;114;498.26;731.21
168;9.0;114;601.0;731.21
1374;40.0;114;700.0;731.21
3197;16.0;114;731.21;731.21
3020;14.0;115;100.0;304.98
1751;0.0;115;105.0;304.98
2339;0.0;115;150.0;304.98
751;1.0;115;225.0;304.98
2584;5.0;115;230.0;304.98
381;27.0;115;238.89;304.98
2313;0.0;116;249.99;349.99
3311;103.0;116;302.9;349.99
1471;2.0;117;5.0;1625.0
374;26.0;117;50.0;1625.0
1860;1.0;117;1200.0;1625.0
1290;0.0;117;1350.0;1625.0
3248;8.0;117;1625.0;1625.0
3098;354.0;118;1600.0;2325.0
2089;0.0;118;2000.0;2325.0
2372;14.0;118;2250.0;2325.0
1551;6.0;118;2275.0;2325.0
1342;52.0;119;1.0;1880.0
515;18.0;119;500.0;1880.0
2971;9.0;119;500.0;1880.0
2360;39.0;119;550.0;1880.0
3076;0.0;119;901.0;1880.0
3034;3.0;119;1123.0;1880.0
184;1.0;119;1355.0;1880.0
429;0.0;119;1705.0;1880.0
3318;17.0;119;1850.0;1880.0
2824;0.0;119;1880.0;1880.0
2568;0.0;120;20.0;1799.0
1230;5.0;120;25.0;1799.0
457;0.0;120;510.0;1799.0
734;23.0;120;600.0;1799.0
1767;24.0;120;620.0;1799.0
2872;13.0;120;999.99;1799.0
2658;3.0;120;1025.0;1799.0
804;0.0;120;1525.0;1799.0
1228;30.0;120;1701.0;1799.0
10;0.0;121;1000.0;2500.0
2203;26.0;121;1600.0;2500.0
3328;5.0;121;2000.0;2500.0
967;8.0;121;2500.0;2500.0
2032;9.0;122;102.5;760.0
676;1.0;122;131.0;760.0
3334;7.0;122;200.0;760.0
1948;97.0;123;1695.0;1720.0
1430;11.0;123;1720.0;1720.0
2496;20.0;124;599.99;609.99
2839;0.0;124;609.99;609.99
1367;0.0;125;110.0;1100.0
2811;56.0;125;200.0;1100.0
1235;12.0;125;355.0;1100.0
274;0.0;126;200.0;202.5
1232;7.0;126;202.5;202.5
1618;139.0;127;50.55;1485.0
2948;30.0;127;55.0;1485.0
194;1.0;127;105.0;1485.0
2524;16.0;127;131.99;1485.0
2657;44.0;127;150.0;1485.0
1129;83.0;127;375.0;1485.0
860;4.0;127;800.0;1485.0
932;0.0;127;843.0;1485.0
2933;1.0;127;1100.0;1485.0
2145;1.0;128;10.01;620.0
2996;0.0;128;400.0;620.0
32;4.0;128;620.0;620.0
3165;10.0;129;15.0;1525.0
1829;1.0;129;20.0;1525.0
2127;0.0;129;500.0;1525.0
446;0.0;129;820.0;1525.0
682;0.0;129;1300.0;1525.0
20;20.0;129;1500.0;1525.0
343;0.0;129;1525.0;1525.0
1334;0.0;130;10.0;124.25
2298;169.0;130;10.0;124.25
2356;115.0;130;20.0;124.25
788;42.0;130;59.0;124.25
3121;123.0;130;68.99;124.25
632;1.0;130;70.99;124.25
3264;0.0;131;300.0;850.0
2796;42.0;131;750.0;850.0
150;1.0;132;3000.0;3050.0
730;30.0;133;10.0;154.38
1915;28.0;133;30.0;154.38
202;7.0;133;53.0;154.38
858;0.0;133;55.0;154.38
500;260.0;133;107.77;154.38
2361;61.0;133;125.0;154.38
19;0.0;134;375.0;380.0
2806;2.0;134;380.0;380.0
1594;138.0;135;150.0;405.0
985;188.0;136;10.0;260.0
824;5.0;136;16.75;260.0
566;69.0;136;46.0;260.0
2377;109.0;136;48.0;260.0
1170;23.0;136;50.0;260.0
2008;87.0;136;52.0;260.0
2535;107.0;136;75.0;260.0
827;16.0;136;100.0;260.0
768;5.0;136;120.0;260.0
1209;4.0;136;130.0;260.0
1275;2.0;136;150.0;260.0
597;26.0;136;180.0;260.0
2312;0.0;136;195.0;260.0
1517;7.0;136;200.0;260.0
1193;2.0;136;205.0;260.0
2270;4.0;136;210.0;260.0
993;29.0;136;234.0;260.0
1656;30.0;136;250.0;260.0
576;83.0;136;255.0;260.0
1461;6.0;137;29.75;256.86
1730;8.0;137;100.0;256.86
1626;2.0;137;115.75;256.86
1323;46.0;137;126.0;256.86
2096;65.0;137;197.5;256.86
166;0.0;137;200.0;256.86
614;1.0;137;205.0;256.86
2112;0.0;137;245.0;256.86
3047;186.0;138;1.0;260.0
2725;0.0;138;2.0;260.0
1163;3.0;138;125.0;260.0
2997;0.0;138;150.0;260.0
654;2.0;138;155.0;260.0
1511;9.0;138;200.0;260.0
1155;123.0;138;238.9;260.0
1406;55.0;138;260.0;260.0
2259;12.0;139;0.01;238.02
625;2.0;139;10.0;238.02
1357;6.0;139;45.01;238.02
2301;2.0;139;100.0;238.02
1559;35.0;139;100.0;238.02
2204;3.0;139;115.0;238.02
53;1.0;139;140.0;238.02
1853;3.0;139;160.0;238.02
1937;15.0;139;200.0;238.02
3117;2.0;139;205.0;238.02
2095;0.0;139;205.0;238.02
622;1.0;139;235.52;238.02
3292;0.0;139;238.02;238.02
2900;0.0;140;2.0;231.5
2602;23.0;140;10.0;231.5
1344;0.0;140;22.0;231.5
1725;649.0;140;100.0;231.5
2810;52.0;140;175.0;231.5
2094;7.0;140;185.0;231.5
3105;17.0;140;197.5;231.5
2758;119.0;140;210.69;231.5
896;9.0;140;224.0;231.5
404;24.0;141;35.0;251.11
761;1.0;141;40.0;251.11
528;43.0;141;69.69;251.11
165;32.0;141;70.0;251.11
1251;35.0;141;88.0;251.11
2998;4.0;141;135.0;251.11
2099;22.0;141;150.0;251.11
1873;2.0;141;180.0;251.11
2167;261.0;141;215.0;251.11
3183;34.0;141;226.0;251.11
752;2.0;141;250.0;251.11
3194;191.0;141;251.11;251.11
2336;6.0;142;215.0;247.5
1227;13.0;142;220.0;247.5
3081;1.0;142;220.0;247.5
1304;24.0;142;225.0;247.5
3321;2.0;143;155.0;237.5
1490;38.0;143;160.01;237.5
1447;1.0;143;165.01;237.5
213;1.0;143;203.0;237.5
501;161.0;143;225.01;237.5
1805;416.0;144;50.0;232.5
392;1.0;144;75.0;232.5
3342;441.0;144;120.0;232.5
548;25.0;144;125.0;232.5
1977;0.0;144;155.0;232.5
1522;8.0;144;160.0;232.5
3255;15.0;144;200.0;232.5
1510;5.0;144;220.0;232.5
1868;62.0;144;225.0;232.5
276;3.0;145;130.0;242.5
211;91.0;145;135.0;242.5
409;16.0;145;140.0;242.5
2062;2.0;145;150.0;242.5
2586;0.0;145;160.0;242.5
2344;2.0;145;170.0;242.5
862;308.0;145;198.0;242.5
586;49.0;145;225.0;242.5
3230;2.0;145;230.0;242.5
2351;9.0;145;242.5;242.5
902;5.0;146;250.0;250.0
1554;9.0;147;39.0;240.0
2823;18.0;147;41.0;240.0
2789;0.0;147;50.0;240.0
207;41.0;147;165.0;240.0
2222;67.0;147;195.0;240.0
2354;1.0;147;200.0;240.0
2310;70.0;147;205.05;240.0
2782;12.0;147;215.0;240.0
2198;0.0;147;235.0;240.0
1735;59.0;148;95.0;237.5
661;28.0;148;100.0;237.5
653;2.0;148;103.0;237.5
2418;2.0;148;155.0;237.5
2668;12.0;148;175.52;237.5
2172;4.0;148;190.0;237.5
3313;15.0;148;237.5;237.5
1837;11.0;149;200.0;259.02
355;1.0;149;205.0;259.02
2488;15.0;149;225.0;259.02
335;3.0;149;235.66;259.02
1987;187.0;149;254.02;259.02
2505;64.0;149;259.02;259.02
966;1.0;150;259.0;280.0
2962;-1.0;150;265.0;280.0
3279;179.0;150;275.0;280.0
2029;2.0;151;2.5;280.0
1841;0.0;151;220.0;280.0
72;8.0;151;250.0;280.0
2778;191.0;151;258.0;280.0
2581;122.0;152;190.13;260.0
178;0.0;152;195.13;260.0
2289;36.0;152;202.65;260.0
854;2.0;152;205.15;260.0
726;10.0;152;250.0;260.0
414;2.0;153;20.0;253.0
1303;309.0;153;21.0;253.0
931;1.0;153;25.32;253.0
1339;24.0;153;30.0;253.0
2609;44.0;153;55.0;253.0
1961;11.0;153;60.0;253.0
939;27.0;153;76.01;253.0
470;1.0;153;80.0;253.0
3365;0.0;153;105.0;253.0
401;2.0;153;142.0;253.0
2954;29.0;153;253.0;253.0
1001;8.0;154;11.0;240.0
983;2.0;154;50.0;240.0
2169;0.0;154;50.0;240.0
2057;16.0;154;52.0;240.0
2812;25.0;154;100.0;240.0
663;53.0;154;120.0;240.0
741;1.0;154;150.0;240.0
1151;0.0;154;187.5;240.0
1027;17.0;154;212.57;240.0
1578;0.0;154;217.57;240.0
302;1.0;154;235.0;240.0
3217;429.0;155;79.87;234.01
2459;15.0;155;100.0;234.01
1802;58.0;155;147.52;234.01
2175;8.0;155;200.01;234.01
1438;8.0;155;221.51;234.01
542;137.0;155;225.55;234.01
2922;1.0;155;230.55;234.01
239;266.0;156;15.0;252.51
2437;0.0;156;200.0;252.51
1219;3.0;156;230.0;252.51
509;7.0;156;252.51;252.51
1716;2.0;157;270.0;270.0
1192;0.0;158;102.0;233.02
2921;0.0;158;160.0;233.02
1586;52.0;158;222.21;233.02
2516;0.0;159;25.0;222.5
2958;11.0;159;120.0;222.5
641;0.0;159;150.0;222.5
1102;5.0;159;180.0;222.5
2497;0.0;159;185.0;222.5
2466;38.0;159;200.0;222.5
3356;89.0;160;1.0;213.5
139;9.0;160;32.0;213.5
3235;9.0;160;65.0;213.5
2158;1.0;160;70.0;213.5
2369;11.0;160;155.0;213.5
1110;2.0;160;155.0;213.5
210;75.0;160;200.01;213.5
324;0.0;160;205.0;213.5
2207;0.0;161;3.0;217.5
1543;1.0;161;40.0;217.5
93;2.0;161;121.0;217.5
3274;12.0;161;135.0;217.5
1918;39.0;161;175.99;217.5
1825;6.0;161;215.0;217.5
1458;7.0;162;10.0;207.5
3092;6.0;162;30.0;207.5
2551;13.0;162;100.0;207.5
2946;0.0;162;105.0;207.5
348;114.0;162;180.0;207.5
1966;0.0;162;190.0;207.5
1818;4.0;162;207.5;207.5
350;1.0;163;55.0;208.01
1138;7.0;164;70.0;213.5
2623;0.0;164;75.0;213.5
2174;6.0;164;76.0;213.5
584;38.0;164;153.88;213.5
1714;0.0;164;155.0;213.5
1022;21.0;164;170.0;213.5
2063;19.0;164;190.0;213.5
2132;2.0;165;50.0;210.0
431;25.0;165;210.0;210.0
3182;8.0;166;125.0;255.0
1214;45.0;166;160.0;255.0
3061;0.0;166;175.5;255.0
636;341.0;166;200.0;255.0
1575;29.0;166;230.0;255.0
2560;42.0;166;255.0;255.0
262;18.0;167;199.99;199.99
721;79.0;168;1.0;270.0
1041;2.0;168;5.0;270.0
1727;102.0;168;71.0;270.0
2544;1.0;168;85.0;270.0
1809;52.0;168;202.51;270.0
2035;7.0;168;235.01;270.0
221;2.0;168;237.51;270.0
2919;5.0;168;250.0;270.0
1707;216.0;168;270.0;270.0
2059;3.0;169;20.0;260.0
1792;19.0;169;130.0;260.0
1600;5.0;169;185.0;260.0
1614;1.0;169;200.0;260.0
1943;0.0;169;204.0;260.0
1388;1.0;169;209.0;260.0
85;17.0;169;250.0;260.0
1444;0.0;170;5.0;207.6
1074;14.0;170;75.0;207.6
996;0.0;170;180.0;207.6
2817;2.0;171;5.0;210.01
1571;5.0;172;205.0;212.5
2976;0.0;172;210.0;212.5
2411;0.0;173;200.0;202.5
3312;26.0;173;200.0;202.5
2550;28.0;173;202.5;202.5
888;0.0;174;100.0;255.25
2147;171.0;174;100.0;255.25
832;1.0;174;125.0;255.25
737;1.0;174;195.0;255.25
2846;46.0;174;210.0;255.25
57;74.0;174;245.25;255.25
2893;11.0;174;250.0;255.25
3386;8.0;174;250.25;255.25
3307;12.0;175;200.0;255.0
1650;4.0;175;205.0;255.0
3295;3.0;175;240.0;255.0
436;46.0;176;12.0;212.5
2784;109.0;176;13.0;212.5
1100;27.0;176;15.5;212.5
2390;2.0;176;53.0;212.5
251;204.0;176;70.0;212.5
731;7.0;176;75.0;212.5
1879;2.0;176;105.01;212.5
360;13.0;176;130.5;212.5
1906;1.0;176;200.0;212.5
960;321.0;176;210.0;212.5
3308;7.0;176;210.0;212.5
2335;5.0;177;232.5;235.0
1153;29.0;177;235.0;235.0
2053;18.0;178;260.0;260.0
3273;39.0;179;50.0;227.5
3141;18.0;179;102.07;227.5
2786;7.0;179;120.0;227.5
1815;1.0;179;150.0;227.5
3001;78.0;179;176.55;227.5
2537;15.0;179;200.0;227.5
1573;176.0;179;225.0;227.5
1176;49.0;179;227.5;227.5
2926;7.0;180;69.02;227.5
1897;8.0;180;100.0;227.5
1900;0.0;180;105.0;227.5
2446;134.0;180;150.0;227.5
1676;7.0;180;161.0;227.5
2178;12.0;180;202.51;227.5
792;1.0;180;212.0;227.5
1369;2.0;180;223.0;227.5
1790;108.0;181;106.0;235.0
2558;19.0;181;111.01;235.0
120;19.0;181;155.0;235.0
1633;0.0;181;166.0;235.0
2886;1.0;181;175.0;235.0
2762;1.0;181;180.0;235.0
1358;30.0;181;197.5;235.0
968;0.0;181;235.0;235.0
2937;77.0;182;215.0;229.04
1833;0.0;182;225.0;229.04
1446;59.0;182;229.04;229.04
2304;0.0;183;215.0;215.0
683;2.0;184;225.0;226.0
1345;298.0;184;226.0;226.0
2269;6.0;185;20.0;213.05
2906;11.0;185;180.0;213.05
2023;42.0;186;67.0;232.5
2818;11.0;186;124.0;232.5
1278;117.0;186;151.0;232.5
887;0.0;186;205.0;232.5
228;9.0;186;213.52;232.5
3142;0.0;187;5.0;232.5
1122;20.0;187;19.0;232.5
266;47.0;188;150.0;255.0
1119;1.0;188;200.0;255.0
2745;31.0;189;210.0;255.0
13;25.0;190;179.99;231.02
3060;6.0;190;200.21;231.02
972;91.0;190;215.51;231.02
2689;2.0;191;245.0;245.0
364;5.0;192;30.0;215.03
199;18.0;192;75.0;215.03
2877;17.0;192;77.0;215.03
1521;6.0;192;130.0;215.03
757;21.0;192;132.5;215.03
2173;10.0;192;155.0;215.03
3102;233.0;192;183.26;215.03
989;7.0;192;210.0;215.03
1779;9.0;192;212.53;215.03
301;68.0;193;5.06;222.5
2149;13.0;193;16.22;222.5
1009;21.0;193;25.0;222.5
675;0.0;193;45.0;222.5
8;95.0;193;68.09;222.5
3192;44.0;193;120.0;222.5
2215;0.0;193;125.0;222.5
2154;3.0;193;150.0;222.5
18;113.0;193;175.0;222.5
1624;2.0;193;180.0;222.5
1702;7.0;194;230.0;270.0
1220;0.0;194;270.0;270.0
41;41.0;195;220.0;242.5
2066;0.0;195;225.0;242.5
1470;31.0;196;217.5;262.0
637;1.0;196;242.0;262.0
2863;3.0;198;160.0;232.5
2252;-2.0;198;200.71;232.5
3277;1.0;198;230.0;232.5
2738;29.0;199;264.0;274.0
1865;36.0;199;274.0;274.0
969;19.0;200;230.0;255.0
2126;1.0;201;180.0;232.5
2148;8.0;201;190.0;232.5
61;99.0;203;22.58;207.5
2899;6.0;203;155.0;207.5
2088;60.0;203;173.0;207.5
2744;16.0;203;200.0;207.5
850;62.0;203;200.02;207.5
3023;20.0;203;207.5;207.5
3024;0.0;204;65.49;220.0
2528;0.0;204;78.0;220.0
1920;12.0;204;120.0;220.0
478;6.0;204;165.0;220.0
2820;23.0;204;200.0;220.0
908;1.0;204;220.0;220.0
626;40.0;205;35.01;212.5
3154;19.0;205;140.0;212.5
1995;16.0;205;190.0;212.5
105;8.0;205;200.0;212.5
467;17.0;206;10.0;226.03
3299;27.0;206;50.0;226.03
1970;76.0;206;52.0;226.03
1030;9.0;206;90.0;226.03
574;14.0;207;10.0;197.5
2969;25.0;207;12.0;197.5
716;39.0;207;15.0;197.5
1322;35.0;207;17.05;197.5
3012;-2.0;207;158.99;197.5
3271;74.0;207;159.0;197.5
1229;56.0;207;161.51;197.5
1210;2.0;207;195.0;197.5
1621;18.0;207;197.5;197.5
758;10.0;208;50.0;210.21
1962;25.0;208;50.0;210.21
1437;34.0;208;80.01;210.21
3191;1.0;208;120.0;210.21
220;15.0;208;125.0;210.21
2058;15.0;208;200.0;210.21
1146;36.0;208;210.21;210.21
176;0.0;209;216.0;251.0
2061;0.0;209;221.0;251.0
148;5.0;209;245.0;251.0
1648;4.0;209;248.5;251.0
1801;6.0;210;249.99;249.99
666;3.0;211;1.0;247.8
1775;233.0;211;5.03;247.8
499;68.0;211;5.53;247.8
2491;6.0;211;7.0;247.8
517;3.0;211;40.0;247.8
2622;50.0;211;50.0;247.8
750;43.0;211;105.0;247.8
773;74.0;211;150.0;247.8
245;45.0;211;176.01;247.8
2030;23.0;211;225.01;247.8
2162;5.0;211;238.55;247.8
305;1.0;211;240.0;247.8
34;13.0;212;30.0;248.5
1864;8.0;212;50.0;248.5
2140;6.0;212;110.0;248.5
1196;1.0;212;150.0;248.5
1610;4.0;212;248.5;248.5
1687;67.0;213;15.0;270.0
35;1.0;213;25.0;270.0
485;5.0;213;45.0;270.0
1067;5.0;213;50.0;270.0
352;0.0;213;75.0;270.0
1465;101.0;213;184.99;270.0
2858;0.0;214;100.0;260.04
1272;47.0;214;220.0;260.04
1141;192.0;214;245.0;260.04
2201;0.0;215;100.01;245.0
2318;9.0;215;105.0;245.0
3326;46.0;215;115.53;245.0
2082;16.0;215;140.0;245.0
1850;1.0;215;190.0;245.0
2677;514.0;215;245.0;245.0
3050;1.0;215;245.0;245.0
2553;4.0;216;166.99;193.0
378;36.0;216;190.5;193.0
2469;3.0;216;193.0;193.0
1642;1.0;217;20.0;212.5
1748;4.0;217;75.0;212.5
1797;8.0;217;81.0;212.5
233;1.0;217;175.5;212.5
561;8.0;218;50.0;200.0
482;0.0;218;75.0;200.0
3310;4.0;218;130.0;200.0
2978;0.0;218;180.0;200.0
1034;11.0;218;185.0;200.0
2128;1.0;218;195.0;200.0
136;8.0;219;5.0;255.0
1365;14.0;220;150.5;222.5
2637;4.0;220;200.0;222.5
1827;6.0;220;219.0;222.5
1298;1.0;221;151.0;232.5
2635;3.0;221;230.0;232.5
3114;3.0;221;232.5;232.5
333;1.0;222;1.0;212.5
2983;4.0;222;15.0;212.5
2555;0.0;222;25.0;212.5
1487;84.0;222;100.01;212.5
2114;44.0;222;200.0;212.5
2769;321.0;223;25.0;232.5
1037;220.0;223;50.0;232.5
2747;30.0;223;100.0;232.5
1276;0.0;223;155.0;232.5
3;27.0;223;160.0;232.5
2787;7.0;223;165.0;232.5
2423;31.0;223;180.0;232.5
125;2.0;223;225.0;232.5
1935;0.0;223;232.5;232.5
3127;278.0;224;135.98;227.5
79;31.0;224;145.0;227.5
2743;50.0;224;151.0;227.5
58;1.0;224;155.0;227.5
2084;2.0;224;175.0;227.5
2601;3.0;224;178.0;227.5
1712;6.0;224;185.0;227.5
1428;9.0;224;200.0;227.5
2216;0.0;224;210.0;227.5
1527;3.0;224;225.0;227.5
1483;0.0;225;5.0;255.0
2303;13.0;225;10.0;255.0
1520;30.0;225;50.0;255.0
2102;0.0;225;75.0;255.0
4;40.0;225;77.0;255.0
823;23.0;225;140.0;255.0
546;16.0;225;180.0;255.0
1329;6.0;225;210.0;255.0
1173;282.0;225;225.51;255.0
1564;1.0;225;250.0;255.0
2856;4.0;226;120.0;192.0
1346;0.0;226;130.0;192.0
991;5.0;226;180.0;192.0
1164;8.0;227;25.0;240.0
1185;12.0;227;125.0;240.0
527;8.0;227;133.0;240.0
2833;233.0;227;201.01;240.0
1968;4.0;227;240.0;240.0
2190;19.0;228;82.0;237.5
2543;68.0;228;180.0;237.5
1867;1.0;228;200.0;237.5
681;3.0;228;200.0;237.5
2232;7.0;228;210.0;237.5
604;8.0;228;225.0;237.5
2480;9.0;228;232.5;237.5
1978;189.0;228;237.5;237.5
1611;7.0;229;20.0;225.0
2345;7.0;229;50.0;225.0
2895;2.0;229;100.01;225.0
89;0.0;229;110.0;225.0
316;47.0;229;152.5;225.0
645;192.0;229;160.0;225.0
1763;993.0;230;77.77;235.5
866;10.0;230;80.0;235.5
1035;6.0;230;140.0;235.5
1613;142.0;230;175.0;235.5
1414;0.0;230;233.0;235.5
2701;0.0;230;235.5;235.5
2894;0.0;231;230.0;232.5
2529;1.0;231;230.0;232.5
829;3.0;231;232.5;232.5
433;1.0;232;80.0;206.0
2645;0.0;232;125.0;206.0
709;25.0;232;155.5;206.0
644;3.0;232;160.5;206.0
998;287.0;232;201.0;206.0
3064;57.0;232;203.51;206.0
790;2.0;232;206.0;206.0
2454;61.0;233;11.0;238.0
570;24.0;233;49.99;238.0
1058;17.0;233;50.0;238.0
1759;8.0;233;130.0;238.0
692;1.0;233;150.0;238.0
549;0.0;233;185.5;238.0
384;22.0;233;195.0;238.0
1201;0.0;233;220.0;238.0
2727;0.0;233;238.0;238.0
1032;18.0;234;102.0;183.5
558;6.0;234;125.0;183.5
1649;0.0;234;140.0;183.5
1821;32.0;234;167.53;183.5
2905;361.0;234;175.04;183.5
3281;7.0;234;181.0;183.5
1412;14.0;235;100.0;227.5
3016;1.0;235;120.0;227.5
2287;0.0;235;200.0;227.5
39;50.0;235;210.0;227.5
300;27.0;235;227.5;227.5
1598;-2.0;236;149.99;255.0
1105;33.0;236;152.49;255.0
1816;0.0;236;170.0;255.0
717;0.0;236;174.5;255.0
620;7.0;236;177.0;255.0
476;9.0;236;179.5;255.0
2896;31.0;236;200.0;255.0
1310;49.0;236;205.0;255.0
1488;177.0;236;210.0;255.0
2208;113.0;236;245.87;255.0
1011;16.0;236;250.0;255.0
3090;1.0;237;190.0;238.0
2521;59.0;237;225.0;238.0
2010;9.0;238;152.5;238.0
1668;1.0;238;175.0;238.0
1108;76.0;238;213.89;238.0
2177;1.0;238;225.0;238.0
1639;24.0;238;235.5;238.0
3384;8.0;238;238.0;238.0
2176;4.0;239;11.21;238.5
1847;14.0;239;25.0;238.5
142;2.0;239;30.0;238.5
1717;667.0;239;52.88;238.5
64;35.0;239;107.51;238.5
3048;65.0;239;115.15;238.5
3027;0.0;239;120.15;238.5
2569;1.0;239;230.0;238.5
2340;18.0;239;235.0;238.5
229;7.0;239;236.0;238.5
2955;0.0;240;225.0;290.0
1689;7.0;240;290.0;290.0
1931;16.0;241;199.0;220.01
994;2.0;241;204.0;220.01
1596;5.0;241;220.01;220.01
6;11.0;242;15.0;225.0
1238;0.0;242;20.0;225.0
2382;1.0;242;180.0;225.0
3123;3.0;243;5.0;243.5
1494;15.0;243;54.88;243.5
1013;1.0;243;72.0;243.5
1577;0.0;243;80.0;243.5
727;0.0;243;110.0;243.5
3167;0.0;243;132.0;243.5
855;15.0;243;175.0;243.5
545;11.0;243;240.0;243.5
1670;15.0;243;241.0;243.5
1684;1.0;243;243.5;243.5
573;2.0;244;265.0;265.0
3088;139.0;245;50.0;232.5
31;8.0;245;55.0;232.5
95;46.0;245;57.0;232.5
2891;3.0;245;70.0;232.5
1984;0.0;245;75.0;232.5
3216;92.0;245;150.95;232.5
2221;1.0;245;180.0;232.5
2256;23.0;245;200.0;232.5
1990;10.0;246;100.0;232.5
2422;1.0;246;106.0;232.5
744;7.0;246;130.0;232.5
2577;4.0;246;190.0;232.5
1515;79.0;246;200.0;232.5
1043;46.0;247;40.02;225.0
2293;242.0;247;66.0;225.0
1589;9.0;247;75.0;225.0
118;1.0;247;77.0;225.0
78;48.0;247;130.0;225.0
2859;34.0;247;150.0;225.0
1605;0.0;247;175.0;225.0
2234;32.0;247;211.11;225.0
91;21.0;247;225.0;225.0
3089;5.0;248;15.0;242.5
1425;21.0;248;16.0;242.5
1387;91.0;248;50.0;242.5
1681;1.0;248;75.0;242.5
537;3.0;248;160.0;242.5
278;158.0;248;236.0;242.5
937;9.0;249;5.0;241.5
3118;1.0;249;6.0;241.5
1094;0.0;249;60.0;241.5
2838;19.0;249;75.0;241.5
2168;9.0;249;77.0;241.5
704;1.0;249;165.0;241.5
3245;4.0;249;200.0;241.5
1871;28.0;249;218.0;241.5
1188;0.0;249;236.0;241.5
391;94.0;249;241.5;241.5
583;0.0;250;150.0;217.52
1305;5.0;250;150.0;217.52
1733;1.0;250;175.0;217.52
2385;1.0;250;210.02;217.52
2314;2.0;251;205.0;266.0
2393;4.0;251;215.0;266.0
1120;28.0;251;215.0;266.0
2576;37.0;251;225.5;266.0
289;69.0;251;251.0;266.0
1212;1.0;251;260.55;266.0
2621;75.0;251;261.0;266.0
2323;0.0;252;25.0;227.5
3106;9.0;252;27.0;227.5
1040;12.0;252;38.0;227.5
844;0.0;252;75.0;227.5
2774;0.0;252;77.0;227.5
254;7.0;252;100.0;227.5
1335;0.0;252;125.0;227.5
2212;42.0;252;175.0;227.5
86;0.0;252;227.5;227.5
2355;4.0;253;2.0;234.5
1223;212.0;253;50.01;234.5
903;5.0;253;75.3;234.5
2605;1.0;253;79.0;234.5
1172;2.0;253;100.0;234.5
2078;209.0;253;131.0;234.5
1928;1.0;253;150.0;234.5
1817;0.0;253;175.0;234.5
2990;1.0;253;180.0;234.5
934;0.0;253;227.0;234.5
2327;0.0;253;234.5;234.5
1894;11.0;254;44.99;244.0
980;0.0;254;45.0;244.0
2533;59.0;254;47.0;244.0
554;42.0;254;65.99;244.0
571;49.0;254;80.0;244.0
1181;1.0;254;152.5;244.0
400;1.0;254;160.0;244.0
1851;63.0;254;161.0;244.0
56;0.0;254;163.5;244.0
2902;2.0;254;190.0;244.0
2790;8.0;254;205.0;244.0
889;13.0;254;215.0;244.0
399;119.0;254;220.0;244.0
3007;40.0;254;230.0;244.0
560;0.0;254;236.0;244.0
3013;33.0;254;241.5;244.0
514;461.0;255;75.55;237.5
3021;1.0;255;190.0;237.5
318;21.0;255;237.5;237.5
225;57.0;256;20.0;222.5
47;22.0;256;76.32;222.5
1728;1.0;256;180.0;222.5
1783;0.0;256;185.0;222.5
3094;0.0;256;222.5;222.5
103;0.0;257;0.11;214.5
1503;2.0;257;50.0;214.5
1926;4.0;257;75.0;214.5
126;13.0;257;156.99;214.5
252;484.0;257;200.0;214.5
502;4.0;257;205.0;214.5
135;11.0;258;1.0;247.5
665;0.0;258;10.0;247.5
2077;0.0;258;10.0;247.5
1888;0.0;258;50.0;247.5
349;48.0;258;62.0;247.5
159;0.0;258;90.0;247.5
357;6.0;258;150.0;247.5
2456;0.0;258;230.0;247.5
1355;0.0;258;245.0;247.5
3057;1.0;258;247.5;247.5
2852;9.0;259;162.75;212.5
1788;0.0;259;180.0;212.5
2695;9.0;259;195.0;212.5
1549;26.0;259;210.0;212.5
3375;2.0;260;50.0;250.0
611;6.0;260;50.0;250.0
3156;56.0;260;65.0;250.0
363;5.0;260;75.0;250.0
1045;2.0;260;99.1;250.0
315;0.0;260;140.0;250.0
831;0.0;260;146.0;250.0
702;75.0;260;175.0;250.0
2917;280.0;260;225.0;250.0
918;7.0;260;250.0;250.0
3149;15.0;262;0.5;245.0
1965;4.0;262;30.0;245.0
1112;6.0;262;51.0;245.0
2472;4.0;262;85.0;245.0
1846;19.0;262;125.0;245.0
657;1.0;262;180.0;245.0
2564;0.0;262;240.0;245.0
1768;0.0;262;245.0;245.0
1546;52.0;263;223.0;225.0
3300;1.0;264;210.0;224.72
1604;4.0;265;21.0;222.5
2878;80.0;265;50.51;222.5
455;7.0;265;100.0;222.5
673;2.0;265;100.0;222.5
2587;20.0;265;125.0;222.5
2280;13.0;265;130.0;222.5
3208;2.0;265;185.0;222.5
2251;-1.0;265;210.0;222.5
1808;74.0;265;220.0;222.5
720;3.0;266;145.0;212.0
1127;4.0;266;151.0;212.0
204;0.0;266;180.0;212.0
1930;397.0;266;202.0;212.0
564;1.0;266;207.0;212.0
1224;30.0;267;10.0;283.5
2465;11.0;267;30.0;283.5
3289;20.0;267;67.0;283.5
2013;3.0;267;75.0;283.5
1090;4.0;267;110.0;283.5
149;1.0;267;229.32;283.5
1940;13.0;267;251.0;283.5
1256;10.0;267;261.0;283.5
110;1.0;267;283.5;283.5
1645;4.0;268;1.0;177.5
3148;12.0;268;3.0;177.5
2445;33.0;268;75.0;177.5
385;12.0;268;76.0;177.5
1044;9.0;268;125.0;177.5
2757;0.0;268;130.0;177.5
3054;1.0;268;175.0;177.5
3195;1.0;269;20.0;222.5
2992;29.0;269;20.0;222.5
3147;122.0;269;21.74;222.5
628;25.0;269;24.0;222.5
1770;165.0;269;100.0;222.5
366;2.0;269;185.0;222.5
1426;10.0;269;210.0;222.5
2649;32.0;270;10.0;228.01
1118;0.0;270;10.0;228.01
341;0.0;270;20.0;228.01
340;-1.0;270;70.0;228.01
2966;33.0;270;100.0;228.01
852;29.0;270;175.0;228.01
2115;28.0;270;207.5;228.01
2237;1.0;270;212.5;228.01
2767;993.0;270;225.51;228.01
3180;813.0;270;228.01;228.01
402;6.0;271;200.0;207.5
975;1.0;271;205.0;207.5
819;71.0;271;207.5;207.5
1553;25.0;272;20.0;230.5
1161;2.0;272;50.0;230.5
1496;4.0;272;72.0;230.5
2706;89.0;272;85.0;230.5
192;3.0;272;100.0;230.5
1942;4.0;272;110.0;230.5
1103;0.0;272;230.5;230.5
1796;38.0;273;185.0;200.0
3250;6.0;273;190.0;200.0
3218;156.0;274;10.0;240.0
1659;113.0;274;50.0;240.0
344;1.0;274;105.0;240.0
2694;9.0;274;121.0;240.0
3026;0.0;274;185.0;240.0
1723;9.0;274;195.0;240.0
3373;5.0;275;52.0;232.5
128;6.0;275;130.0;232.5
842;102.0;275;151.69;232.5
83;15.0;275;156.69;232.5
3163;31.0;275;225.2;232.5
1732;0.0;275;232.5;232.5
3196;3.0;276;70.0;230.0
890;179.0;276;120.0;230.0
287;13.0;276;149.95;230.0
2274;1.0;276;152.5;230.0
3075;93.0;276;165.56;230.0
2588;47.0;276;185.0;230.0
1078;1.0;276;190.0;230.0
885;63.0;277;15.0;195.1
2981;210.0;277;50.0;195.1
2462;0.0;277;80.0;195.1
2610;158.0;277;111.11;195.1
1194;2.0;277;130.0;195.1
2103;9.0;277;192.6;195.1
282;2.0;278;25.0;232.5
3065;0.0;278;52.0;232.5
3213;14.0;278;150.0;232.5
265;79.0;278;155.0;232.5
1545;78.0;278;180.0;232.5
1944;1.0;278;199.0;232.5
2012;0.0;278;232.5;232.5
2233;5.0;279;10.0;245.0
1411;0.0;279;100.0;245.0
1111;10.0;279;120.0;245.0
3159;0.0;279;155.0;245.0
613;0.0;279;200.0;245.0
76;49.0;279;222.01;245.0
3220;0.0;279;239.5;245.0
718;7.0;280;20.0;245.0
1523;6.0;280;105.0;245.0
1866;193.0;280;110.0;245.0
2842;40.0;280;155.0;245.0
1655;5.0;280;176.0;245.0
2608;15.0;280;180.0;245.0
332;0.0;280;238.0;245.0
3341;16.0;281;110.0;207.5
200;6.0;281;170.99;207.5
382;5.0;281;200.0;207.5
1500;0.0;281;207.5;207.5
2311;18.0;282;5.0;237.5
87;61.0;282;5.01;237.5
1588;100.0;282;6.87;237.5
98;0.0;282;20.0;237.5
2634;13.0;282;28.0;237.5
1417;1.0;282;130.0;237.5
1541;21.0;282;177.77;237.5
1469;11.0;282;182.77;237.5
3172;6.0;282;225.0;237.5
3325;3.0;282;237.5;237.5
1954;2.0;283;35.0;186.51
742;0.0;283;50.0;186.51
3030;16.0;283;50.0;186.51
3293;22.0;283;60.0;186.51
459;54.0;283;125.0;186.51
1726;7.0;283;155.5;186.51
3206;8.0;283;169.51;186.51
3350;7.0;283;170.01;186.51
463;11.0;283;186.51;186.51
2554;29.0;284;46.99;211.5
2457;1.0;284;204.0;211.5
1139;103.0;285;20.0;232.5
373;52.0;285;45.0;232.5
2381;24.0;285;75.0;232.5
2290;19.0;285;151.0;232.5
2182;3.0;285;189.0;232.5
1782;13.0;285;230.0;232.5
2666;38.0;285;232.5;232.5
84;38.0;286;0.01;240.5
1408;5.0;286;0.1;240.5
2540;0.0;286;0.95;240.5
246;85.0;286;10.0;240.5
2766;8.0;286;12.0;240.5
1981;0.0;286;50.0;240.5
886;0.0;286;90.0;240.5
745;5.0;286;200.0;240.5
1657;0.0;286;220.0;240.5
3158;1.0;286;238.0;240.5
2258;4.0;287;50.0;232.5
3374;2.0;287;60.0;232.5
3162;26.0;287;125.0;232.5
448;1.0;287;147.16;232.5
1410;16.0;287;175.0;232.5
218;16.0;287;215.0;232.5
2531;17.0;287;228.0;232.5
328;0.0;287;230.0;232.5
787;6.0;288;1.5;255.0
2448;7.0;288;100.0;255.0
2590;1.0;288;130.0;255.0
2648;4.0;288;152.35;255.0
3170;55.0;288;175.01;255.0
1086;7.0;288;200.0;255.0
3067;77.0;288;225.0;255.0
1741;59.0;288;255.0;255.0
408;5.0;289;0.01;265.0
3305;10.0;289;10.0;265.0
1132;0.0;289;40.0;265.0
1070;2.0;289;50.0;265.0
2105;82.0;289;103.98;265.0
978;0.0;289;120.0;265.0
1548;6.0;289;125.0;265.0
495;3.0;289;190.0;265.0
659;1.0;289;200.0;265.0
942;10.0;289;265.0;265.0
2934;30.0;290;60.0;220.0
2571;5.0;290;65.0;220.0
427;130.0;290;125.0;220.0
919;8.0;291;250.01;250.01
441;7.0;292;3.0;255.0
2185;61.0;292;137.77;255.0
1738;0.0;292;145.0;255.0
1615;78.0;292;175.0;255.0
1630;16.0;292;180.0;255.0
2805;97.0;292;200.51;255.0
513;-1.0;292;210.0;255.0
1184;2.0;292;220.55;255.0
1914;0.0;292;255.0;255.0
928;1.0;293;40.0;217.5
3132;41.0;293;130.52;217.5
1002;11.0;293;150.0;217.5
1328;39.0;293;200.0;217.5
2070;15.0;294;5.0;250.0
1973;220.0;294;15.0;250.0
3071;11.0;294;25.0;250.0
736;0.0;294;125.0;250.0
2214;29.0;294;136.54;250.0
3130;15.0;294;160.0;250.0
2632;9.0;294;240.0;250.0
195;6.0;295;0.05;247.5
1370;1.0;295;0.06;247.5
170;3.0;295;20.05;247.5
693;6.0;295;30.05;247.5
861;21.0;295;85.0;247.5
640;7.0;295;125.0;247.5
1872;5.0;295;200.0;247.5
617;1.0;295;200.0;247.5
1467;269.0;295;215.11;247.5
319;1.0;295;220.11;247.5
1609;95.0;295;247.5;247.5
3008;44.0;296;10.0;244.72
146;44.0;296;40.0;244.72
1099;206.0;296;50.0;244.72
749;3.0;296;145.0;244.72
1198;0.0;296;150.0;244.72
1336;12.0;296;225.76;244.72
2599;15.0;296;235.0;244.72
3181;10.0;297;125.0;232.5
2325;2.0;297;151.02;232.5
1746;0.0;297;171.0;232.5
418;0.0;297;195.0;232.5
2750;57.0;297;215.0;232.5
1542;1.0;297;230.0;232.5
1996;6.0;299;1.0;240.0
1731;6.0;299;15.0;240.0
2728;0.0;299;105.0;240.0
293;5.0;299;120.0;240.0
883;53.0;299;126.01;240.0
2652;8.0;299;150.0;240.0
2067;0.0;299;200.0;240.0
2503;312.0;299;240.0;240.0
2994;1.0;300;1.0;242.51
865;1.0;300;10.0;242.51
1300;0.0;300;40.0;242.51
2195;1.0;300;50.0;242.51
2400;1.0;300;90.0;242.51
180;6.0;300;150.0;242.51
1845;19.0;300;150.0;242.51
840;3.0;300;155.0;242.51
2504;1.0;300;180.0;242.51
789;2.0;300;225.76;242.51
1065;2.0;301;250.0;260.0
3146;121.0;302;40.01;242.5
3348;5.0;302;50.0;242.5
2136;1.0;302;180.0;242.5
325;13.0;302;185.0;242.5
2042;2.0;302;210.0;242.5
1042;2.0;302;240.0;242.5
2826;5.0;303;25.0;202.5
2438;46.0;303;85.0;202.5
1266;4.0;303;170.0;202.5
2025;1.0;303;200.0;202.5
577;0.0;303;202.5;202.5
1162;104.0;304;21.0;247.5
2578;128.0;304;43.07;247.5
1955;10.0;304;175.0;247.5
1665;6.0;304;200.0;247.5
2375;19.0;304;212.0;247.5
337;41.0;304;230.0;247.5
572;4.0;304;230.0;247.5
1468;10.0;305;30.0;235.0
3331;297.0;305;55.0;235.0
1419;0.0;305;100.0;235.0
3296;11.0;305;110.0;235.0
2038;17.0;305;125.99;235.0
286;7.0;305;155.0;235.0
169;23.0;305;155.2;235.0
2731;8.0;305;177.51;235.0
2754;14.0;305;210.0;235.0
1501;8.0;306;0.1;230.0
2117;711.0;306;10.0;230.0
3066;3.0;306;75.0;230.0
518;45.0;306;125.0;230.0
785;29.0;306;180.01;230.0
3324;5.0;306;230.0;230.0
3110;21.0;307;165.0;217.5
3140;5.0;307;170.0;217.5
2510;0.0;307;175.0;217.5
2628;19.0;307;180.0;217.5
1874;3.0;307;185.0;217.5
999;1.0;307;217.5;217.5
2841;0.0;308;200.0;228.49
423;81.0;308;228.49;228.49
689;5.0;309;2.0;232.5
2272;18.0;309;5.0;232.5
1742;3.0;309;35.0;232.5
1771;19.0;309;155.1;232.5
2603;161.0;309;171.12;232.5
2432;7.0;309;220.0;232.5
524;0.0;309;232.5;232.5
2308;5.0;310;1.25;227.5
1508;1.0;310;50.0;227.5
3385;2.0;310;159.0;227.5
2498;53.0;310;225.0;227.5
948;19.0;311;75.0;225.0
1901;8.0;311;100.0;225.0
3164;30.0;311;150.0;225.0
3005;6.0;311;200.0;225.0
2319;5.0;311;200.0;225.0
3303;5.0;312;75.0;208.0
1909;91.0;312;150.0;208.0
2284;46.0;312;160.0;208.0
3169;1.0;312;185.0;208.0
2536;4.0;312;194.0;208.0
3257;2.0;313;100.0;245.0
2714;7.0;313;150.0;245.0
2561;263.0;313;170.0;245.0
2702;5.0;313;200.0;245.0
480;1.0;313;245.0;245.0
2152;18.0;314;30.0;232.5
1584;5.0;314;50.0;232.5
1778;48.0;314;100.0;232.5
1106;8.0;314;110.0;232.5
3186;7.0;314;200.01;232.5
1908;3.0;314;230.0;232.5
388;58.0;315;20.01;270.0
3387;0.0;315;60.0;270.0
1200;3.0;315;125.0;270.0
648;229.0;315;150.78;270.0
445;1.0;315;250.0;270.0
1463;283.0;315;260.0;270.0
1080;2.0;316;1.0;244.5
569;1.0;316;25.0;244.5
1699;5.0;316;160.0;244.5
658;0.0;317;240.0;240.0
1373;0.0;318;158.0;200.0
2887;14.0;318;200.0;200.0
1332;1.0;319;52.0;217.5
839;58.0;319;111.0;217.5
3243;62.0;319;140.53;217.5
2386;5.0;319;150.0;217.5
765;7.0;319;175.0;217.5
3362;8.0;319;185.0;217.5
1556;1.0;319;190.0;217.5
2585;18.0;319;195.0;217.5
2490;2.0;320;50.0;240.01
857;0.0;320;75.0;240.01
2980;3.0;320;125.0;240.01
2965;24.0;320;208.83;240.01
1902;4.0;320;232.0;240.01
1269;0.0;320;238.5;240.01
3244;37.0;320;240.01;240.01
217;24.0;322;39.0;232.5
3236;70.0;322;45.0;232.5
1175;0.0;322;58.0;232.5
1313;5.0;322;65.0;232.5
491;14.0;322;90.0;232.5
3119;18.0;322;175.0;232.5
1892;0.0;322;232.5;232.5
1593;147.0;323;208.66;212.5
1255;9.0;323;212.5;212.5
2277;1.0;324;27.68;227.5
1921;112.0;324;40.0;227.5
288;13.0;324;100.0;227.5
904;5.0;324;125.0;227.5
2417;116.0;324;150.0;227.5
424;116.0;325;22.0;212.5
2477;3.0;325;25.0;212.5
1147;20.0;325;50.0;212.5
1279;33.0;325;120.0;212.5
3200;5.0;325;199.0;212.5
49;16.0;325;212.5;212.5
2984;10.0;326;1.0;227.5
2191;108.0;326;10.0;227.5
1197;0.0;326;40.0;227.5
3260;1.0;326;58.0;227.5
2151;18.0;326;75.0;227.5
3040;1.0;326;90.0;227.5
3370;0.0;326;115.0;227.5
1292;2.0;326;125.0;227.5
1081;2.0;326;140.0;227.5
314;0.0;326;170.0;227.5
109;1.0;326;200.0;227.5
2075;8.0;326;212.5;227.5
371;1.0;326;225.0;227.5
1832;13.0;327;5.0;250.0
1371;1.0;327;100.0;250.0
368;0.0;327;150.0;250.0
559;9.0;327;200.0;250.0
503;5.0;327;230.0;250.0
2420;6.0;328;217.5;220.0
437;116.0;329;185.89;265.0
1690;1.0;329;200.0;265.0
1282;5.0;329;220.0;265.0
508;15.0;329;230.0;265.0
3263;50.0;330;28.05;202.5
2069;22.0;330;30.01;202.5
1353;8.0;330;30.5;202.5
795;5.0;330;50.0;202.5
1340;10.0;330;50.0;202.5
3314;8.0;330;59.01;202.5
1561;2.0;330;60.0;202.5
529;32.0;330;125.0;202.5
711;0.0;330;140.0;202.5
3246;1.0;330;190.0;202.5
3025;17.0;330;200.0;202.5
2489;0.0;331;50.0;265.0
1710;0.0;331;80.0;265.0
1253;1.0;331;100.0;265.0
1933;4.0;331;150.0;265.0
396;79.0;331;230.0;265.0
2068;17.0;331;250.0;265.0
1451;11.0;331;260.0;265.0
2670;4.0;332;190.0;232.5
1445;0.0;332;195.0;232.5
1881;15.0;332;214.0;232.5
2867;3.0;332;225.0;232.5
1910;6.0;333;30.0;202.5
2904;1.0;333;190.0;202.5
1362;134.0;333;195.0;202.5
2004;5.0;333;202.5;202.5
1743;45.0;334;50.0;237.5
2143;96.0;334;110.0;237.5
3035;2.0;334;125.0;237.5
3055;13.0;334;171.51;237.5
3266;0.0;334;184.69;237.5
1852;6.0;334;190.0;237.5
242;132.0;334;197.0;237.5
1882;8.0;334;202.0;237.5
1450;15.0;334;207.0;237.5
1685;-1.0;334;208.95;237.5
338;14.0;334;215.0;237.5
536;45.0;334;237.5;237.5
1433;0.0;335;245.0;245.0
261;7.0;336;199.0;199.0
3345;0.0;337;80.0;199.99
2575;7.0;337;90.0;199.99
3144;2.0;337;90.0;199.99
3329;116.0;337;92.0;199.99
16;4.0;337;100.0;199.99
2104;1.0;337;105.0;199.99
2134;5.0;337;140.0;199.99
615;104.0;337;175.99;199.99
1565;17.0;337;180.99;199.99
294;154.0;337;199.99;199.99
1213;2.0;338;50.0;240.0
3270;3.0;338;150.0;240.0
2822;2.0;338;240.0;240.0
3332;21.0;339;5.0;227.5
3338;3.0;339;10.0;227.5
1834;50.0;339;75.52;227.5
2241;3.0;339;130.0;227.5
3157;3.0;339;160.0;227.5
3353;23.0;339;200.0;227.5
2759;1.0;339;202.5;227.5
1760;123.0;339;224.95;227.5
1131;0.0;339;227.5;227.5
1592;7.0;340;149.99;177.5
2703;10.0;340;155.0;177.5
2051;132.0;340;155.0;177.5
473;18.0;340;160.0;177.5
671;31.0;340;175.0;177.5
1383;0.0;341;50.0;240.0
187;8.0;341;100.0;240.0
2100;87.0;341;110.0;240.0
933;7.0;341;125.0;240.0
541;10.0;341;150.0;240.0
296;35.0;341;225.0;240.0
924;2.0;341;230.0;240.0
1620;0.0;341;238.8;240.0
2800;23.0;342;240.0;245.0
2492;0.0;342;242.5;245.0
3269;14.0;342;245.0;245.0
2864;26.0;344;100.0;227.5
1729;110.0;344;180.04;227.5
2514;27.0;344;182.5;227.5
231;2.0;344;200.0;227.5
816;23.0;344;210.52;227.5
156;3.0;344;215.52;227.5
161;1018.0;344;227.5;227.5
1082;0.0;345;7.0;217.0
580;143.0;345;10.0;217.0
3228;12.0;345;23.0;217.0
3036;0.0;345;90.0;217.0
3000;17.0;345;95.0;217.0
362;58.0;345;120.13;217.0
1316;3.0;345;156.0;217.0
1363;32.0;345;180.0;217.0
1435;1.0;345;206.0;217.0
2953;1.0;346;165.0;255.01
2444;2.0;346;170.0;255.01
3179;0.0;346;201.51;255.01
591;6.0;346;233.51;255.01
3099;22.0;346;250.23;255.01
2091;4.0;346;255.01;255.01
258;37.0;347;50.0;222.5
2792;0.0;347;150.0;222.5
1113;0.0;347;195.0;222.5
799;17.0;347;197.97;222.5
1831;0.0;348;200.0;232.5
2542;105.0;349;210.0;210.1
3298;13.0;349;210.1;210.1
1203;89.0;350;20.0;213.51
1128;130.0;350;21.21;213.51
2791;69.0;350;35.99;213.51
270;58.0;350;39.0;213.51
102;88.0;350;50.01;213.51
3285;83.0;350;160.0;213.51
1204;6.0;350;185.0;213.51
2589;0.0;350;213.51;213.51
1891;2.0;351;5.0;207.5
1333;229.0;351;6.0;207.5
1814;5.0;351;20.0;207.5
3262;7.0;351;25.0;207.5
1083;14.0;351;150.0;207.5
1749;1.0;351;200.0;207.5
477;6.0;351;205.0;207.5
2614;70.0;351;207.5;207.5
740;13.0;352;25.0;215.0
2316;1.0;352;165.0;215.0
2011;76.0;352;210.0;215.0
2033;8.0;352;215.0;215.0
1646;1.0;352;215.0;215.0
532;25.0;353;240.0;242.5
512;12.0;353;242.5;242.5
2357;4.0;354;5.0;225.0
1260;67.0;354;19.0;225.0
3372;5.0;354;20.0;225.0
634;4.0;354;75.0;225.0
2507;54.0;354;88.0;225.0
2539;14.0;354;90.0;225.0
589;44.0;354;100.0;225.0
468;22.0;354;100.0;225.0
3234;34.0;354;110.0;225.0
1601;20.0;354;132.0;225.0
2975;41.0;354;140.0;225.0
1007;6.0;354;145.0;225.0
2642;34.0;354;160.0;225.0
2629;6.0;354;185.0;225.0
3002;194.0;354;201.0;225.0
3104;0.0;354;205.5;225.0
2278;11.0;354;210.5;225.0
250;10.0;354;218.0;225.0
713;0.0;355;125.0;217.5
3100;-1.0;355;135.0;217.5
3175;29.0;355;150.0;217.5
1289;75.0;355;175.0;217.5
2897;58.0;355;189.0;217.5
2559;7.0;355;217.5;217.5
131;3.0;356;87.03;232.5
1216;11.0;356;215.0;232.5
724;10.0;356;220.0;232.5
3309;0.0;356;232.5;232.5
3199;17.0;357;105.0;227.5
907;14.0;357;110.0;227.5
3037;8.0;357;225.0;227.5
2993;0.0;357;227.5;227.5
3116;37.0;358;125.0;227.5
3330;7.0;358;175.0;227.5
2522;0.0;358;225.0;227.5
2494;5.0;359;21.35;227.5
1258;3.0;359;25.0;227.5
2294;39.0;359;50.0;227.5
913;38.0;359;51.0;227.5
526;50.0;359;165.0;227.5
127;1.0;359;200.0;227.5
465;1.0;359;202.5;227.5
2408;3.0;359;207.5;227.5
243;1.0;359;215.0;227.5
2337;1.0;359;227.5;227.5
2092;2.0;360;240.0;247.5
912;34.0;360;247.5;247.5
1643;1.0;361;20.0;255.0
2938;7.0;361;25.0;255.0
2935;0.0;361;37.0;255.0
3226;0.0;361;40.0;255.0
1242;1.0;361;50.0;255.0
155;0.0;361;55.0;255.0
2363;16.0;361;62.0;255.0
320;0.0;361;70.0;255.0
2474;0.0;361;100.0;255.0
241;0.0;361;130.0;255.0
1299;0.0;361;160.0;255.0
780;0.0;361;175.0;255.0
1774;0.0;361;200.0;255.0
2848;31.0;362;15.0;218.15
990;69.0;362;20.0;218.15
602;24.0;362;22.0;218.15
2907;72.0;362;50.0;218.15
894;6.0;362;95.0;218.15
2665;71.0;362;98.0;218.15
3327;19.0;362;199.25;218.15
755;51.0;364;175.0;235.02
961;102.0;364;185.0;235.02
277;1.0;364;190.0;235.02
1884;0.0;364;195.0;235.02
1507;1.0;364;225.0;235.02
2674;100.0;364;230.72;235.02
1787;64.0;365;87.0;250.01
650;0.0;365;100.0;250.01
793;97.0;365;185.0;250.01
3022;7.0;365;210.0;250.01
2399;48.0;366;51.1;207.5
670;24.0;366;80.0;207.5
2755;0.0;366;100.0;207.5
1097;1.0;366;115.0;207.5
1976;5.0;366;150.0;207.5
2200;1.0;366;200.0;207.5
2916;2.0;367;12.0;265.0
1003;12.0;367;20.0;265.0
186;0.0;367;42.0;265.0
1286;9.0;367;265.0;265.0
2449;56.0;368;126.0;227.5
3063;32.0;369;175.0;222.5
175;6.0;370;30.0;227.5
1222;4.0;370;40.0;227.5
535;9.0;370;101.96;227.5
3294;1.0;370;165.0;227.5
2046;13.0;371;20.0;212.5
2534;7.0;371;125.0;212.5
2110;12.0;371;150.0;212.5
685;35.0;372;15.0;214.5
3072;2.0;372;25.0;214.5
2870;3.0;372;32.0;214.5
2890;1.0;372;60.0;214.5
1786;4.0;372;100.0;214.5
776;194.0;372;125.99;214.5
1026;0.0;372;180.0;214.5
1218;3.0;372;214.5;214.5
497;1.0;373;25.0;242.5
694;3.0;373;49.28;242.5
2395;0.0;373;196.5;242.5
1281;7.0;373;242.5;242.5
2831;19.0;374;200.0;211.0
936;17.0;374;210.0;211.0
1134;3.0;375;175.0;208.88
835;70.0;375;208.88;208.88
14;6.0;376;152.99;203.5
2696;0.0;376;170.0;203.5
1791;231.0;376;201.0;203.5
1095;523.0;377;44.0;222.5
603;197.0;377;65.0;222.5
2574;977.0;377;70.02;222.5
1350;0.0;377;110.0;222.5
2146;12.0;377;110.0;222.5
1839;20.0;377;140.0;222.5
1434;2.0;377;145.0;222.5
275;9.0;377;181.0;222.5
2451;1.0;377;200.0;222.5
1315;0.0;377;205.0;222.5
851;5.0;377;215.0;222.5
1972;2.0;377;222.5;222.5
3097;3.0;378;15.0;212.5
3377;15.0;378;55.0;212.5
1386;0.0;378;120.0;212.5
1858;1.0;378;160.0;212.5
1448;3.0;378;175.0;212.5
1616;0.0;378;180.0;212.5
2881;12.0;378;185.0;212.5
462;6.0;378;195.0;212.5
920;37.0;378;200.0;212.5
380;3.0;378;202.5;212.5
523;10.0;378;208.0;212.5
1217;43.0;379;111.11;255.5
1536;0.0;379;225.0;255.5
3272;5.0;379;235.0;255.5
621;10.0;380;175.0;175.0
1177;15.0;381;180.0;182.5
1941;224.0;382;180.0;202.5
456;0.0;382;202.5;202.5
2098;480.0;383;185.0;201.01
2730;2.0;383;190.0;201.01
2911;34.0;383;201.01;201.01
2607;16.0;384;180.0;204.03
3247;18.0;384;195.0;204.03
925;135.0;384;201.53;204.03
1327;7.0;384;204.03;204.03
2712;2.0;385;25.0;232.5
1464;4.0;385;197.33;232.5
1929;129.0;385;215.01;232.5
2951;0.0;385;230.0;232.5
3361;11.0;386;80.0;228.01
2987;247.0;386;225.51;228.01
2724;5.0;386;228.01;228.01
2192;42.0;387;1.0;177.0
1849;112.0;387;10.0;177.0
2402;44.0;387;21.22;177.0
345;5.0;387;23.26;177.0
1257;34.0;387;72.0;177.0
1104;143.0;387;93.99;177.0
2655;14.0;387;110.0;177.0
505;13.0;387;114.5;177.0
1700;1.0;387;130.0;177.0
1021;20.0;387;135.0;177.0
1405;5.0;387;155.0;177.0
196;21.0;387;170.0;177.0
1555;15.0;387;175.0;177.0
3052;26.0;388;1.0;190.0
825;9.0;388;25.0;190.0
3006;52.0;388;30.0;190.0
1754;6.0;388;50.0;190.0
2733;7.0;388;55.6;190.0
1019;86.0;388;90.0;190.0
1719;19.0;388;155.0;190.0
608;3.0;388;180.0;190.0
565;5.0;388;190.0;190.0
493;20.0;389;240.0;242.5
1352;25.0;389;242.5;242.5
1652;0.0;390;170.0;202.5
722;0.0;390;191.9;202.5
947;30.0;391;9.99;242.5
415;110.0;391;12.5;242.5
2928;3.0;391;25.0;242.5
2475;5.0;391;100.0;242.5
2034;0.0;391;156.0;242.5
2407;10.0;391;182.5;242.5
1473;7.0;391;190.0;242.5
2764;4.0;391;219.53;242.5
421;42.0;391;235.0;242.5
188;82.0;391;240.0;242.5
595;11.0;391;242.5;242.5
822;0.0;392;200.0;222.5
116;18.0;393;190.0;239.01
137;70.0;393;223.99;239.01
2912;2.0;394;10.0;240.0
1048;3.0;394;40.0;240.0
1587;13.0;394;50.0;240.0
667;65.0;394;66.91;240.0
594;51.0;394;149.01;240.0
370;2.0;394;155.0;240.0
55;6.0;394;165.0;240.0
2664;44.0;394;177.77;240.0
1187;8.0;394;210.0;240.0
2518;4.0;395;245.0;245.0
1429;2.0;396;5.0;236.99
2918;5.0;396;50.0;236.99
1169;3.0;396;99.0;236.99
2861;7.0;396;150.0;236.99
880;3.0;396;194.0;236.99
54;29.0;396;200.0;236.99
185;0.0;396;215.0;236.99
193;0.0;396;225.0;236.99
223;16.0;396;236.99;236.99
2932;5.0;397;100.0;207.5
2882;0.0;397;130.0;207.5
2338;20.0;397;150.0;207.5
519;25.0;397;167.5;207.5
2202;0.0;397;180.0;207.5
629;6.0;397;200.0;207.5
833;4.0;397;205.0;207.5
2821;42.0;397;207.5;207.5
2862;0.0;398;200.0;212.5
2898;4.0;399;180.0;202.5
2597;38.0;400;90.0;237.5
3085;58.0;400;150.0;237.5
3091;7.0;400;170.0;237.5
2676;20.0;400;200.0;237.5
3319;15.0;400;225.1;237.5
2923;0.0;401;30.0;237.65
1359;5.0;401;32.56;237.65
1341;77.0;401;106.5;237.65
800;3.0;402;240.0;240.0
1580;2.0;403;240.0;240.0
587;0.0;404;110.0;280.0
1946;3.0;404;175.0;280.0
557;6.0;405;1.0;205.0
2165;0.0;405;3.0;205.0
1399;22.0;405;10.0;205.0
346;0.0;405;40.0;205.0
2830;5.0;405;136.0;205.0
2401;0.0;405;175.0;205.0
1932;9.0;405;180.0;205.0
3083;70.0;406;151.0;217.75
30;26.0;406;154.88;217.75
538;128.0;406;170.0;217.75
1862;62.0;406;175.0;217.75
2220;4.0;406;200.0;217.75
2346;2.0;406;217.75;217.75
2141;66.0;407;99.99;242.5
1291;49.0;407;185.0;242.5
1307;6.0;407;242.5;242.5
748;66.0;408;5.0;217.5
2837;28.0;408;15.0;217.5
809;23.0;409;10.0;187.52
2639;1.0;409;85.0;187.52
1512;2.0;409;150.0;187.52
834;2.0;409;150.0;187.52
2936;3.0;409;187.52;187.52
365;55.0;410;160.0;225.0
910;2.0;410;205.0;225.0
1800;0.0;411;52.0;240.0
77;0.0;411;60.0;240.0
2685;5.0;411;88.0;240.0
2793;10.0;411;110.0;240.0
2458;0.0;411;238.0;240.0
2056;5.0;413;202.5;202.5
236;1.0;414;53.01;232.5
1781;0.0;414;75.0;232.5
3231;52.0;414;100.0;232.5
1975;1.0;414;135.0;232.5
133;0.0;414;175.0;232.5
2710;1.0;414;187.5;232.5
3190;15.0;414;195.0;232.5
2502;4.0;415;12.99;200.0
3198;49.0;415;25.51;200.0
1055;14.0;415;100.0;200.0
1899;12.0;415;110.0;200.0
1395;74.0;415;147.0;200.0
2873;197.0;415;148.9;200.0
158;10.0;415;170.0;200.0
2732;9.0;415;200.0;200.0
2460;8.0;416;30.0;202.5
1745;1.0;416;72.0;202.5
1957;9.0;416;100.0;202.5
163;484.0;416;155.5;202.5
2271;0.0;416;202.5;202.5
2129;1.0;417;180.0;197.62
2482;68.0;417;195.12;197.62
2037;8.0;418;175.0;202.5
157;2.0;419;180.0;202.49
1513;1.0;419;185.0;202.49
3043;6.0;420;45.0;226.01
2044;76.0;420;50.0;226.01
588;0.0;420;62.0;226.01
1390;24.0;420;79.0;226.01
372;5.0;420;100.0;226.01
1886;1.0;420;140.0;226.01
2582;3.0;420;190.0;226.01
1958;55.0;420;215.51;226.01
2160;193.0;421;240.0;240.0
651;0.0;422;50.0;230.0
1472;11.0;422;50.0;230.0
2903;20.0;422;192.5;230.0
1686;5.0;422;215.0;230.0
458;1.0;423;5.0;247.5
1628;1.0;423;115.75;247.5
442;27.0;423;152.0;247.5
3074;0.0;423;190.0;247.5
2396;20.0;423;245.0;247.5
1148;1.0;424;190.0;237.5
2713;20.0;424;215.0;237.5
1180;1.0;424;220.0;237.5
154;3.0;424;235.0;237.5
3229;8.0;425;207.5;209.02
3176;1.0;425;209.02;209.02
1737;5.0;426;160.0;255.0
2547;14.0;426;250.0;255.0
2579;0.0;427;120.0;262.61
1028;5.0;427;140.0;262.61
1880;188.0;427;230.09;262.61
1505;22.0;427;250.0;262.61
2753;0.0;428;204.99;207.49
2651;2.0;428;207.49;207.49
1974;2.0;429;20.0;237.5
1979;1.0;429;21.0;237.5
2638;1.0;429;29.0;237.5
1824;28.0;429;40.0;237.5
2485;317.0;429;94.0;237.5
1708;43.0;429;105.0;237.5
419;0.0;429;125.5;237.5
177;35.0;429;145.0;237.5
1934;4.0;429;180.0;237.5
12;2.0;429;200.0;237.5
3033;0.0;429;225.0;237.5
2481;0.0;429;237.5;237.5
3108;3.0;430;200.0;215.0
2929;19.0;431;37.35;242.5
2341;115.0;431;165.0;242.5
3222;0.0;431;190.0;242.5
601;71.0;431;200.0;242.5
2322;2.0;431;215.0;242.5
1071;4.0;432;100.99;255.0
2253;0.0;432;105.99;255.0
915;3.0;432;150.0;255.0
3069;7.0;432;160.0;255.0
1287;0.0;432;200.0;255.0
781;3.0;432;230.0;255.0
2500;23.0;432;235.0;255.0
1698;4.0;433;30.0;237.5
1835;33.0;433;33.0;237.5
2138;195.0;433;35.0;237.5
2415;0.0;433;50.0;237.5
3343;0.0;433;50.0;237.5
988;10.0;433;70.0;237.5
1404;31.0;433;75.0;237.5
963;31.0;433;190.0;237.5
714;57.0;433;200.0;237.5
3214;0.0;433;220.0;237.5
688;0.0;433;237.5;237.5
1403;11.0;434;210.0;212.5
2940;0.0;434;212.5;212.5
1925;4.0;435;251.0;261.0
892;14.0;436;240.0;240.0
90;0.0;437;220.0;242.51
2656;0.0;437;240.0;242.51
782;6.0;438;25.0;255.0
44;8.0;438;67.0;255.0
873;21.0;438;85.85;255.0
1485;7.0;438;90.0;255.0
2224;112.0;438;101.01;255.0
778;4.0;438;150.0;255.0
1179;22.0;438;175.0;255.0
1558;31.0;438;200.0;255.0
2055;20.0;439;2.0;240.07
3184;92.0;439;5.0;240.07
1091;22.0;439;200.0;240.07
1711;89.0;439;207.5;240.07
2985;264.0;439;237.57;240.07
1054;0.0;440;9.95;247.5
3111;2.0;440;15.0;247.5
520;0.0;440;117.0;247.5
1391;16.0;440;195.0;247.5
777;3.0;440;236.75;247.5
290;2.0;441;0.06;222.5
281;6.0;441;40.0;222.5
2409;26.0;441;50.0;222.5
1087;22.0;441;100.0;222.5
3178;5.0;441;120.0;222.5
2;51.0;441;150.0;222.5
686;8.0;441;163.0;222.5
2116;148.0;441;185.0;222.5
2814;1.0;441;205.0;222.5
547;2.0;442;259.95;259.95
543;0.0;444;199.0;217.5
440;145.0;445;2.0;232.5
2775;1.0;445;10.0;232.5
578;0.0;445;25.0;232.5
1740;3.0;445;147.77;232.5
2306;12.0;445;230.0;232.5
3219;19.0;447;175.0;200.0
2722;6.0;448;202.49;202.49
2511;0.0;449;180.0;190.0
2170;110.0;450;25.0;222.5
1922;3.0;450;30.0;222.5
2243;8.0;450;60.0;222.5
1747;6.0;450;87.5;222.5
814;1.0;450;100.0;222.5
3084;7.0;450;160.0;222.5
962;52.0;450;178.5;222.5
1072;75.0;450;222.5;222.5
1762;29.0;451;21.0;178.0
3258;0.0;451;50.0;178.0
2161;1.0;451;112.5;178.0
1552;346.0;451;171.59;178.0
2484;870.0;451;178.0;178.0
1664;5.0;452;35.0;182.5
2183;21.0;452;96.5;182.5
3383;0.0;452;98.5;182.5
2957;0.0;452;125.0;182.5
1895;15.0;452;147.5;182.5
1400;29.0;452;150.0;182.5
2227;2.0;452;152.5;182.5
2855;3140.0;452;160.0;182.5
639;14.0;452;180.0;182.5
807;54.0;452;182.5;182.5
2376;0.0;453;10.0;237.5
43;7.0;453;90.0;237.5
92;43.0;453;150.0;237.5
9;4.0;453;180.0;237.5
2205;6.0;453;190.0;237.5
662;11.0;453;224.0;237.5
2300;-1.0;454;10.0;227.5
810;5.0;454;100.0;227.5
67;12.0;454;175.0;227.5
1718;33.0;455;195.0;197.5
1804;6.0;456;201.0;206.0
3301;14.0;456;206.0;206.0
205;181.0;457;10.49;210.0
2236;60.0;457;32.0;210.0
1840;11.0;457;66.0;210.0
1136;23.0;457;75.0;210.0
1020;0.0;457;79.0;210.0
1640;1.0;457;80.0;210.0
2194;4.0;457;85.0;210.0
1378;1.0;457;135.0;210.0
732;5.0;457;150.0;210.0
1644;3.0;457;200.0;210.0
1248;26.0;458;5.0;230.5
1157;49.0;458;100.0;230.5
490;4.0;458;163.9;230.5
2844;0.0;458;180.0;230.5
997;10.0;458;225.0;230.5
464;2.0;459;175.0;195.5
585;13.0;459;188.0;195.5
507;12.0;459;195.5;195.5
469;2.0;460;200.0;209.5
806;34.0;460;209.5;209.5
342;1.0;461;175.0;175.0
2275;35.0;462;187.5;265.0
1634;11.0;462;192.5;265.0
635;1.0;462;200.0;265.0
347;0.0;462;265.0;265.0
3380;13.0;463;202.5;202.5
1692;14.0;464;175.0;197.5
3171;1.0;465;200.0;224.01
3254;16.0;465;216.51;224.01
1247;1.0;465;220.0;224.01
878;82.0;465;224.01;224.01
2509;0.0;466;70.0;250.0
1950;14.0;466;100.0;250.0
2840;24.0;466;100.01;250.0
951;1.0;466;155.0;250.0
1380;2.0;466;160.0;250.0
425;149.0;466;162.5;250.0
1264;1.0;466;177.51;250.0
2285;6.0;467;31.12;245.0
3039;93.0;467;33.12;245.0
610;7.0;467;40.01;245.0
2795;3.0;467;45.0;245.0
2282;71.0;467;50.0;245.0
2746;12.0;467;70.0;245.0
2641;3.0;467;70.0;245.0
672;0.0;467;160.0;245.0
3009;3.0;467;200.0;245.0
2636;2.0;467;207.5;245.0
3284;0.0;467;245.0;245.0
1807;110.0;467;245.0;245.0
859;8.0;468;175.0;202.5
3241;20.0;468;195.0;202.5
1923;9.0;468;200.0;202.5
1680;51.0;468;202.5;202.5
582;2.0;469;5.0;225.01
2683;0.0;469;5.5;225.01
3280;3.0;469;85.0;225.01
454;1.0;469;150.0;225.01
1568;44.0;469;155.5;225.01
1133;3.0;469;180.0;225.01
2443;4.0;469;215.5;225.01
2020;2.0;470;229.51;229.51
2633;17.0;471;183.0;190.5
1734;0.0;471;190.5;190.5
256;10.0;472;240.0;240.0
100;10.0;473;180.0;203.5
995;14.0;473;201.0;203.5
15;57.0;475;175.0;212.5
863;4.0;475;199.0;212.5
1309;11.0;475;200.0;212.5
2680;20.0;475;212.5;212.5
2467;9.0;476;20.0;192.51
2286;0.0;476;50.0;192.51
2027;45.0;476;50.0;192.51
329;254.0;476;105.22;192.51
1149;1.0;476;116.0;192.51
2678;18.0;476;116.65;192.51
660;17.0;476;125.0;192.51
2180;0.0;476;130.0;192.51
1715;9.0;476;190.01;192.51
2771;0.0;477;30.0;232.5
1455;1.0;477;150.0;232.5
2616;3.0;477;220.0;232.5
2065;0.0;478;20.0;257.0
763;1.0;478;30.5;257.0
2780;2.0;478;84.0;257.0
2430;175.0;478;101.27;257.0
797;2.0;478;257.0;257.0
3322;90.0;479;50.99;311.6
1314;94.0;479;52.99;311.6
2255;14.0;479;57.0;311.6
2108;3.0;479;144.48;311.6
1174;5.0;479;170.0;311.6
304;1.0;479;189.0;311.6
1830;12.0;479;200.0;311.6
140;292.0;479;250.0;311.6
2455;11.0;479;306.6;311.6
3315;0.0;480;10.0;139.3
864;0.0;480;11.0;139.3
801;21.0;480;21.0;139.3
2196;0.0;480;37.5;139.3
268;0.0;480;42.0;139.3
2847;0.0;480;75.0;139.3
2209;62.0;480;85.0;139.3
190;10.0;480;99.0;139.3
2076;5.0;480;110.0;139.3
699;2.0;480;115.0;139.3
1907;6.0;480;118.5;139.3
3268;116.0;480;139.3;139.3
123;1.0;481;51.0;161.0
2851;69.0;481;55.0;161.0
3174;98.0;481;57.0;161.0
769;5.0;481;59.66;161.0
1053;23.0;481;65.0;161.0
1678;10.0;481;65.0;161.0
1006;8.0;481;69.01;161.0
2700;4.0;481;71.01;161.0
1916;1683.0;481;80.0;161.0
1036;0.0;481;85.0;161.0
3283;12.0;481;90.0;161.0
1486;0.0;481;100.0;161.0
3261;29.0;481;115.0;161.0
1484;12.0;481;140.0;161.0
2329;238.0;481;161.0;161.0
2199;3.0;482;1.25;61.0
2973;162.0;482;5.0;61.0
1572;50.0;482;7.51;61.0
2910;17.0;482;15.0;61.0
1051;13.0;482;30.0;61.0
2523;0.0;482;35.0;61.0
395;140.0;482;40.0;61.0
927;0.0;482;43.0;61.0
2380;37.0;482;44.0;61.0
2781;2.0;482;46.0;61.0
143;0.0;482;55.0;61.0
1661;2.0;483;50.0;167.5
3010;69.0;483;51.0;167.5
3227;164.0;483;95.0;167.5
986;8.0;483;105.0;167.5
1693;0.0;483;110.0;167.5
2669;106.0;483;120.0;167.5
1379;0.0;483;125.0;167.5
2368;1.0;483;167.5;167.5
260;0.0;484;75.0;100.0
2413;18.0;484;80.0;100.0
2763;930.0;484;88.88;100.0
3306;5.0;484;95.0;100.0
1231;58.0;484;100.0;100.0
1361;1.0;485;25.0;126.0
1924;0.0;485;30.0;126.0
2593;6.0;485;50.0;126.0
1739;6.0;485;60.0;126.0
2552;20.0;485;62.0;126.0
2434;25.0;485;70.0;126.0
803;1.0;485;90.0;126.0
1635;0.0;485;106.0;126.0
596;4.0;486;20.0;306.0
247;0.0;486;20.0;306.0
764;1.0;486;30.0;306.0
2468;76.0;486;75.0;306.0
3134;0.0;486;80.0;306.0
2736;5.0;486;85.0;306.0
2048;0.0;486;100.0;306.0
798;3.0;486;120.0;306.0
3004;48.0;486;120.0;306.0
708;6.0;486;130.0;306.0
1959;;486;135.0;306.0
1677;3.0;486;140.0;306.0
394;10.0;486;200.0;306.0
1912;27.0;486;218.0;306.0
3128;5.0;487;101.5;167.5
1475;25.0;487;101.69;167.5
953;33.0;487;150.0;167.5
3189;0.0;487;160.0;167.5
1454;0.0;488;5.5;132.5
3253;0.0;488;20.0;132.5
2189;1.0;488;21.0;132.5
1368;36.0;488;50.01;132.5
2773;28.0;488;80.0;132.5
743;20.0;488;90.0;132.5
2155;1.0;488;95.0;132.5
2090;2.0;488;100.0;132.5
2545;0.0;489;82.0;152.5
356;10.0;489;85.0;152.5
26;0.0;489;87.0;152.5
2807;15.0;489;95.0;152.5
66;12.0;489;100.0;152.5
330;4.0;489;117.0;152.5
898;17.0;489;140.0;152.5
3282;38.0;489;150.0;152.5
1061;0.0;490;9.99;142.5
2264;63.0;490;14.97;142.5
2379;64.0;490;50.0;142.5
45;0.0;490;80.0;142.5
562;50.0;490;100.0;142.5
280;71.0;490;100.05;142.5
1765;8.0;490;105.0;142.5
2334;0.0;490;132.99;142.5
1202;192.0;491;75.0;125.0
237;16.0;491;76.0;125.0
1530;38.0;491;80.0;125.0
422;25.0;491;87.0;125.0
216;3.0;491;105.5;125.0
830;126.0;492;75.0;112.5
605;22.0;492;80.0;112.5
2850;8.0;492;98.88;112.5
97;0.0;492;112.5;112.5
2404;0.0;493;2.0;100.5
2447;5.0;493;25.0;100.5
1116;0.0;493;25.0;100.5
772;1.0;493;38.0;100.5
1877;82.0;493;50.99;100.5
1250;13.0;493;52.99;100.5
3087;10.0;493;54.0;100.5
3046;9.0;493;85.0;100.5
2947;113.0;493;85.98;100.5
162;21.0;493;100.01;100.5
82;;494;15.0;28.0
2943;0.0;495;60.0;157.5
111;0.0;495;65.0;157.5
2080;50.0;495;75.0;157.5
2681;73.0;495;107.0;157.5
70;0.0;495;120.0;157.5
1130;4.0;495;157.5;157.5
2777;3.0;496;9.99;96.0
2615;0.0;496;27.0;96.0
377;1.0;496;30.0;96.0
2548;0.0;496;40.0;96.0
2331;14.0;496;45.0;96.0
3352;0.0;496;70.0;96.0
1673;146.0;496;75.0;96.0
1206;25.0;496;80.0;96.0
3041;9.0;496;86.0;96.0
1828;208.0;496;96.0;96.0
1631;0.0;497;45.0;102.5
2142;29.0;497;55.0;102.5
1878;10.0;497;89.99;102.5
48;2.0;497;98.0;102.5
3151;1.0;497;100.0;102.5
2398;6.0;498;25.0;82.02
3290;3.0;498;30.0;82.02
489;4.0;498;37.0;82.02
60;14.0;498;55.0;82.02
1574;1.0;498;65.0;82.02
416;40.0;498;70.01;82.02
992;32.0;499;29.99;127.51
2944;218.0;499;40.0;127.51
1662;2.0;499;75.0;127.51
484;2.0;499;100.0;127.51
881;1.0;499;105.0;127.51
759;16.0;499;110.01;127.51
606;324.0;500;95.0;130.0
940;42.0;500;120.0;130.0
2333;4.0;500;125.0;130.0
2064;76.0;500;125.0;130.0
2734;16.0;500;130.0;130.0
1423;11.0;501;80.0;125.0
2026;23.0;501;90.0;125.0
818;18.0;501;95.0;125.0
3251;25.0;501;110.0;125.0
1582;24.0;502;150.0;152.5
2625;15.0;502;152.5;152.5
1883;92.0;503;2.0;177.5
1452;0.0;503;3.0;177.5
2002;3.0;503;3.5;177.5
1126;97.0;503;10.0;177.5
530;0.0;503;15.0;177.5
2109;104.0;503;21.0;177.5
1331;3.0;503;25.0;177.5
1608;5.0;503;32.0;177.5
2213;3.0;503;100.0;177.5
965;84.0;503;150.25;177.5
1075;3.0;503;152.5;177.5
1233;0.0;503;177.5;177.5
2644;3.0;504;15.25;222.5
3363;3.0;504;20.0;222.5
428;0.0;504;25.0;222.5
1570;1.0;504;32.0;222.5
2970;1.0;504;50.0;222.5
2960;246.0;504;100.0;222.5
1623;9.0;504;105.0;222.5
624;6.0;504;130.0;222.5
2721;28.0;504;140.75;222.5
472;188.0;504;155.0;222.5
973;2.0;504;155.75;222.5
1967;2.0;505;1.0;81.0
1066;0.0;505;5.0;81.0
1519;0.0;505;20.0;81.0
2692;0.0;505;40.0;81.0
25;0.0;505;50.0;81.0
786;30.0;505;52.0;81.0
877;38.0;505;70.0;81.0
2014;12.0;505;70.0;81.0
2884;0.0;505;72.0;81.0
630;7.0;505;80.0;81.0
2464;0.0;506;10.0;202.5
609;0.0;506;60.0;202.5
695;31.0;506;75.0;202.5
1534;241.0;506;85.76;202.5
498;3.0;506;100.0;202.5
2137;103.0;507;80.99;81.99
1671;158.0;507;81.99;81.99
2566;9.0;508;70.0;90.0
2751;30.0;508;85.0;90.0
837;1.0;508;87.0;90.0
1077;51.0;508;90.0;90.0
1911;9.0;509;71.0;152.5
2403;1.0;509;100.0;152.5
2931;81.0;509;150.0;152.5
647;6.0;509;152.5;152.5
1226;8.0;510;0.01;114.5
712;0.0;510;1.0;114.5
331;1.0;510;6.25;114.5
1936;5.0;510;60.0;114.5
3082;0.0;510;62.0;114.5
1124;5.0;510;75.0;114.5
1793;0.0;510;90.0;114.5
2071;22.0;510;100.0;114.5
2349;53.0;510;102.0;114.5
828;360.0;510;105.0;114.5
802;1.0;510;109.5;114.5
868;0.0;511;6.0;212.5
2562;4.0;511;10.0;212.5
2735;0.0;511;35.0;212.5
2626;6.0;511;60.0;212.5
141;29.0;511;100.0;212.5
1525;0.0;511;120.0;212.5
1528;7.0;511;210.0;212.5
3017;2.0;512;50.0;133.04
306;0.0;512;75.0;133.04
1529;1.0;512;80.0;133.04
359;18.0;512;100.0;133.04
2532;0.0;512;120.0;133.04
3135;0.0;512;132.5;133.04
1590;55.0;513;1.0;33.0
1887;132.0;513;10.0;33.0
1189;2.0;513;30.0;33.0
173;25.0;514;0.1;132.55
75;2.0;514;1.0;132.55
2541;1.0;514;1.5;132.55
323;0.0;514;2.0;132.55
1806;2.0;514;16.01;132.55
2627;0.0;514;20.0;132.55
390;2.0;514;20.0;132.55
2139;0.0;514;47.0;132.55
976;10.0;514;55.0;132.55
3204;0.0;514;72.0;132.55
1397;6.0;514;100.0;132.55
2930;0.0;514;122.52;132.55
1207;0.0;515;70.0;124.49
1761;0.0;515;70.0;124.49
1402;0.0;515;75.0;124.49
1637;4.0;515;77.0;124.49
646;41.0;515;88.0;124.49
3011;4.0;515;121.99;124.49
954;3.0;515;124.49;124.49
2150;0.0;516;15.0;204.11
2273;12.0;516;50.0;204.11
129;27.0;516;100.0;204.11
2299;73.0;516;199.09;204.11
680;149.0;516;201.77;204.11
1052;8.0;517;0.01;167.5
3137;2.0;517;13.0;167.5
410;10.0;517;45.0;167.5
2964;0.0;517;56.0;167.5
2317;5.0;517;65.0;167.5
1988;2.0;517;70.0;167.5
24;0.0;517;83.01;167.5
1377;3.0;517;85.0;167.5
2470;1.0;517;110.0;167.5
1495;0.0;517;165.0;167.5
2716;15.0;518;5.09;47.0
1056;0.0;518;21.0;47.0
746;6.0;518;26.99;47.0
2016;3.0;518;35.0;47.0
876;0.0;518;42.0;47.0
1407;2.0;518;46.0;47.0
784;0.0;519;1.0;71.0
2974;17.0;519;2.0;71.0
1498;0.0;519;20.0;71.0
2184;1.0;519;44.0;71.0
1757;0.0;519;61.0;71.0
1239;-1.0;520;10.0;182.5
3357;4.0;520;18.54;182.5
521;14.0;520;20.0;182.5
2808;39.0;520;115.0;182.5
3120;0.0;520;135.5;182.5
3126;3.0;521;2.0;33.1
2244;0.0;521;3.0;33.1
1890;21.0;521;3.0;33.1
3339;13.0;521;5.0;33.1
2118;0.0;521;6.0;33.1
2296;42.0;521;8.55;33.1
1651;161.0;521;22.54;33.1
3038;31.0;521;23.1;33.1
1898;2.0;521;25.0;33.1
2250;29.0;521;30.1;33.1
71;4.0;522;99.0;123.15
3107;50.0;522;112.73;123.15
1000;605.0;522;123.15;123.15
106;0.0;523;153.0;501.77
926;0.0;523;165.0;501.77
2834;1.0;523;300.0;501.77
2979;536.0;523;386.87;501.77
2675;2.0;523;435.0;501.77
941;8.0;523;478.79;501.77
1459;9.0;523;501.77;501.77
856;39.0;524;15.0;41.0
2018;0.0;524;20.0;41.0
1675;132.0;524;41.0;41.0
1709;2.0;525;10.0;132.5
1964;1.0;525;10.5;132.5
1843;0.0;525;50.0;132.5
1152;38.0;525;77.0;132.5
631;2.0;525;90.0;132.5
2389;71.0;525;100.0;132.5
911;3.0;525;100.0;132.5
2240;17.0;525;105.0;132.5
426;67.0;525;127.01;132.5
843;162.0;525;132.5;132.5
1993;11.0;526;1.04;122.5
2188;8.0;526;50.0;122.5
2825;54.0;526;59.95;122.5
2816;1.0;526;90.0;122.5
1784;72.0;526;110.0;122.5
1893;0.0;526;115.0;122.5
27;1.0;526;120.0;122.5
398;18.0;526;122.5;122.5
487;3.0;527;40.0;122.5
496;25.0;527;50.0;122.5
1991;4.0;527;55.0;122.5
909;127.0;527;60.0;122.5
2941;41.0;527;65.0;122.5
1724;11.0;527;65.0;122.5
1029;28.0;527;100.0;122.5
1982;2.0;527;106.0;122.5
1998;8.0;527;110.0;122.5
1057;0.0;527;120.0;122.5
224;3.0;528;5.25;51.0
2801;2.0;528;11.03;51.0
3333;0.0;528;40.0;51.0
238;144.0;528;51.0;51.0
540;0.0;529;51.0;117.5
1308;0.0;529;53.0;117.5
2598;0.0;529;75.0;117.5
2909;14.0;529;90.0;117.5
1848;35.0;529;100.0;117.5
2320;28.0;529;115.0;117.5
215;26.0;529;117.5;117.5
2879;324.0;530;75.0;147.76
756;0.0;530;77.0;147.76
2321;41.0;530;80.0;147.76
1268;0.0;530;88.0;147.76
1306;37.0;530;100.0;147.76
1012;3.0;530;110.0;147.76
2749;15.0;530;140.26;147.76
1236;0.0;531;177.5;177.5
753;2.0;532;65.0;102.5
1875;10.0;532;75.0;102.5
1208;6.0;532;75.57;102.5
1088;2.0;532;85.0;102.5
846;10.0;532;95.01;102.5
389;11.0;532;99.0;102.5
3053;8.0;532;100.0;102.5
2302;69.0;532;102.5;102.5
361;17.0;533;61.0;167.5
1320;5.0;533;75.0;167.5
2326;7.0;533;100.0;167.5
1084;6.0;533;125.0;167.5
492;18.0;533;129.99;167.5
1595;0.0;533;132.0;167.5
1381;18.0;533;150.0;167.5
1502;0.0;533;160.0;167.5
2297;0.0;534;60.99;127.5
65;13.0;534;87.01;127.5
3042;2.0;534;125.0;127.5
2883;1.0;535;5.0;142.5
1474;48.0;535;10.0;142.5
2394;0.0;535;25.0;142.5
2342;8.0;535;35.03;142.5
1093;7.0;535;70.0;142.5
2362;3.0;535;135.0;142.5
2156;10.0;535;142.5;142.5
1986;185.0;536;101.13;247.5
2765;17.0;536;110.0;247.5
821;32.0;536;160.0;247.5
2085;0.0;536;200.0;247.5
2079;19.0;537;55.01;86.0
1504;12.0;537;58.5;86.0
2967;15.0;537;85.0;86.0
28;4.0;538;55.0;102.5
3371;55.0;538;85.0;102.5
1221;82.0;538;90.0;102.5
1682;1.0;538;102.5;102.5
575;0.0;539;12.0;49.0
2779;0.0;539;15.0;49.0
1491;0.0;539;21.0;49.0
930;0.0;539;30.0;49.0
723;0.0;539;35.0;49.0
2383;0.0;539;40.0;49.0
1211;8.0;539;47.0;49.0
1424;60.0;540;125.0;127.5
1293;0.0;540;127.5;127.5
2435;2.0;541;20.0;132.52
2515;1.0;541;20.5;132.52
705;0.0;541;28.0;132.52
701;1.0;541;40.0;132.52
1703;14.0;541;65.0;132.52
1182;4.0;541;91.0;132.52
3161;0.0;541;100.0;132.52
63;40.0;541;105.5;132.52
3355;6.0;541;112.52;132.52
553;41.0;541;120.02;132.52
2130;222.0;541;128.99;132.52
1460;0.0;542;95.0;117.5
815;10.0;542;117.5;117.5
1135;1.0;543;5.0;127.5
1123;6.0;543;15.11;127.5
1750;0.0;543;50.0;127.5
2835;19.0;543;60.0;127.5
2267;6.0;543;72.0;127.5
249;0.0;543;80.01;127.5
3093;19.0;543;85.0;127.5
2228;2.0;543;90.0;127.5
1776;1.0;543;123.0;127.5
1625;4.0;543;125.0;127.5
899;10.0;544;2.0;116.5
959;196.0;544;5.0;116.5
2072;2736.0;544;20.0;116.5
2384;5.0;544;50.0;116.5
397;0.0;544;70.0;116.5
1953;0.0;544;72.5;116.5
775;6.0;544;80.0;116.5
2671;104.0;544;90.09;116.5
2366;5.0;544;93.0;116.5
1569;15.0;544;103.0;116.5
1312;3.0;544;114.0;116.5
407;15.0;544;116.5;116.5
2704;4.0;545;3.0;105.0
3073;3.0;545;5.0;105.0
226;0.0;545;80.0;105.0
2715;83.0;545;83.0;105.0
2242;2.0;545;102.5;105.0
2087;253.0;545;105.0;105.0
1983;49.0;546;80.01;112.5
244;10.0;546;90.0;112.5
766;80.0;546;112.5;112.5
929;5.0;547;2.0;120.0
2219;52.0;547;15.25;120.0
417;25.0;547;20.0;120.0
1560;51.0;547;75.0;120.0
2686;3.0;547;80.0;120.0
2373;2.0;547;105.0;120.0
593;8.0;548;4.93;106.0
413;705.0;548;12.76;106.0
3096;0.0;548;20.0;106.0
3136;1.0;548;55.0;106.0
2684;69.0;548;59.99;106.0
269;4.0;548;60.0;106.0
982;2.0;548;65.0;106.0
697;95.0;548;75.0;106.0
2144;15.0;548;80.0;106.0
1756;8.0;548;90.0;106.0
1653;3.0;548;95.5;106.0
2592;0.0;549;6.0;142.73
2643;40.0;549;7.0;142.73
1927;208.0;549;8.51;142.73
2525;4.0;549;10.0;142.73
2388;3.0;549;20.0;142.73
869;4.0;549;45.0;142.73
923;1.0;549;51.0;142.73
69;3.0;549;55.0;142.73
292;6.0;549;61.0;142.73
1538;14.0;549;80.0;142.73
2986;0.0;549;100.0;142.73
2019;2.0;549;105.0;142.73
3150;156.0;549;112.0;142.73
122;1.0;549;140.23;142.73
1024;30.0;550;65.01;132.5
2433;6.0;550;100.0;132.5
1245;0.0;550;100.0;132.5
1;202.0;550;130.0;132.5
461;0.0;551;1.25;114.5
1477;1.0;551;5.0;114.5
1302;0.0;551;15.0;114.5
2371;51.0;551;60.0;114.5
2495;1.0;551;80.0;114.5
895;265.0;551;90.11;114.5
2097;9.0;551;94.0;114.5
1526;0.0;551;106.5;114.5
1550;80.0;551;111.0;114.5
2654;4.0;551;114.5;114.5
2556;0.0;552;50.0;405.0
3086;1.0;552;150.0;405.0
1632;5.0;552;205.0;405.0
867;14.0;552;239.0;405.0
2210;0.0;552;255.0;405.0
2047;0.0;552;275.0;405.0
2106;9.0;552;405.0;405.0
2486;95.0;553;10.5;100.0
1283;13.0;553;11.0;100.0
2768;40.0;553;92.0;100.0
494;71.0;554;10.0;96.0
607;1.0;554;15.0;96.0
2040;20.0;554;30.0;96.0
1025;5.0;554;35.0;96.0
567;23.0;554;70.0;96.0
1691;198.0;554;90.0;96.0
483;63.0;554;95.0;96.0
3112;13.0;554;96.0;96.0
516;39.0;555;80.0;122.5
1785;6.0;555;82.0;122.5
2526;0.0;555;82.0;122.5
811;8.0;555;90.0;122.5
2927;3.0;555;100.0;122.5
783;4.0;555;105.0;122.5
2483;5.0;555;105.0;122.5
678;14.0;556;5.0;100.0
171;1.0;556;30.25;100.0
3376;7.0;556;55.0;100.0
706;4.0;556;55.0;100.0
2803;1.0;556;57.0;100.0
767;0.0;556;63.5;100.0
208;1.0;556;80.0;100.0
353;6.0;556;82.0;100.0
115;1.0;556;100.0;100.0
3288;5.0;557;65.0;145.0
2083;6.0;557;80.0;145.0
0;296.0;557;105.0;145.0
2752;3.0;557;115.0;145.0
1360;0.0;557;142.5;145.0
2972;1.0;558;63.0;122.5
1186;11.0;558;85.0;122.5
1396;72.0;558;120.0;122.5
2427;2.0;559;130.01;144.0
2022;25.0;559;140.01;144.0
321;4.0;559;141.5;144.0
2450;427.0;560;50.0;90.0
2378;40.0;560;56.0;90.0
2836;2.0;560;60.0;90.0
1612;327.0;560;67.0;90.0
794;1.0;560;70.0;90.0
1420;880.0;560;89.0;90.0
2247;2.0;561;55.11;96.99
387;4.0;561;62.0;96.99
1636;0.0;561;64.5;96.99
2461;16.0;561;96.99;96.99
1160;3.0;562;5.0;106.5
1497;29.0;562;7.77;106.5
1356;7.0;562;8.77;106.5
847;3.0;562;15.0;106.5
563;17.0;562;18.0;106.5
295;24.0;562;20.0;106.5
938;4.0;562;55.0;106.5
2699;75.0;562;85.0;106.5
935;14.0;562;92.0;106.5
1579;180.0;562;101.0;106.5
2452;1.0;562;104.0;106.5
1506;8.0;563;120.0;127.5
2549;42.0;563;125.0;127.5
2865;0.0;564;122.5;130.0
2101;20.0;564;130.0;130.0
2367;6.0;565;100.0;151.0
1969;8.0;565;110.0;151.0
334;1494.0;565;125.0;151.0
3177;0.0;565;151.0;151.0
438;7.0;566;60.0;141.0
1330;5.0;566;70.0;141.0
1789;4.0;566;70.0;141.0
1669;38.0;566;80.0;141.0
592;62.0;566;83.0;141.0
3185;15.0;566;83.0;141.0
2086;3.0;566;100.0;141.0
1706;0.0;566;136.0;141.0
1243;2.0;566;141.0;141.0
872;5.0;567;10.01;137.5
946;0.0;567;15.0;137.5
2690;5.0;567;25.0;137.5
677;6.0;567;27.0;137.5
2915;0.0;567;29.0;137.5
3049;135.0;568;100.0;132.55
1422;265.0;568;101.0;132.55
944;20.0;568;110.0;132.55
3340;10.0;568;120.03;132.55
3276;64.0;568;125.05;132.55
1190;16.0;568;132.55;132.55
1466;1.0;569;40.0;85.0
2006;0.0;569;45.0;85.0
1938;0.0;569;45.0;85.0
771;2.0;569;65.0;85.0
2387;1.0;569;71.05;85.0
2015;40.0;569;75.0;85.0
2245;28.0;569;84.99;85.0
33;3.0;570;0.99;152.0
284;40.0;570;2.01;152.0
1597;0.0;570;3.59;152.0
1619;4.0;570;5.0;152.0
643;2.0;570;7.0;152.0
698;0.0;570;30.0;152.0
971;7.0;570;95.0;152.0
2406;1.0;570;106.0;152.0
2580;28.0;570;120.0;152.0
1398;0.0;571;10.0;96.0
1016;8.0;571;12.0;96.0
2499;113.0;571;35.98;96.0
3336;1.0;571;55.0;96.0
2794;1.0;571;92.0;96.0
3031;0.0;572;51.0;102.5
2679;1.0;572;53.0;102.5
3349;0.0;572;54.0;102.5
1720;79.0;572;102.5;102.5
2005;139.0;573;62.0;63.0
46;4.0;574;85.0;112.5
2924;0.0;574;87.0;112.5
2133;4.0;574;92.0;112.5
214;9.0;575;65.0;120.0
50;16.0;575;80.0;120.0
2594;0.0;575;82.0;120.0
1017;1.0;575;85.0;120.0
2741;37.0;575;90.0;120.0
2181;138.0;575;95.0;120.0
1384;34.0;575;105.0;120.0
212;9.0;575;118.0;120.0
1811;0.0;576;40.0;89.0
2663;2.0;576;55.5;89.0
2600;1.0;576;58.0;89.0
2832;7.0;576;62.0;89.0
481;14.0;576;70.0;89.0
2171;8.0;576;80.0;89.0
2281;117.0;577;125.0;202.0
845;25.0;577;130.0;202.0
3153;19.0;577;150.75;202.0
1039;26.0;577;165.0;202.0
1249;4.0;577;200.0;202.0
1913;297.0;577;202.0;202.0
2798;1.0;578;100.0;117.5
2624;0.0;578;103.0;117.5
1663;0.0;579;75.0;82.0
411;1.0;579;82.0;82.0
22;0.0;580;87.85;112.5
1919;0.0;580;100.0;112.5
147;48.0;580;101.5;112.5
3337;15.0;580;104.0;112.5
684;103.0;580;109.01;112.5
182;7.0;580;110.0;112.5
1191;41.0;581;20.0;93.0
3155;127.0;581;38.0;93.0
1271;13.0;581;52.0;93.0
447;61.0;581;70.52;93.0
1622;4.0;581;80.0;93.0
2268;4.0;581;85.0;93.0
2748;0.0;582;116.0;127.5
1436;1.0;583;1.0;207.5
230;9.0;583;20.0;207.5
955;19.0;583;55.0;207.5
3173;28.0;583;105.51;207.5
1822;3.0;583;200.0;207.5
3101;0.0;583;200.0;207.5
510;0.0;583;205.0;207.5
906;400.0;585;15.0;385.0
271;19.0;585;75.0;385.0
2892;15.0;585;80.0;385.0
956;2.0;585;120.0;385.0
2517;52.0;585;150.0;385.0
2028;3.0;585;165.0;385.0
2223;11.0;585;205.0;385.0
1499;173.0;585;225.0;385.0
1799;627.0;585;255.99;385.0
17;1081.0;585;277.0;385.0
2591;6.0;585;298.0;385.0
2596;5.0;585;300.0;385.0
2225;0.0;585;325.0;385.0
420;4.0;585;333.33;385.0
1215;1.0;585;350.0;385.0
522;9.0;585;360.0;385.0
2405;5.0;586;101.67;177.5
2163;33.0;586;110.0;177.5
2991;8.0;586;128.0;177.5
297;82.0;586;150.0;177.5
1033;75.0;586;165.0;177.5
3133;0.0;586;173.5;177.5
2257;9.0;586;177.5;177.5
3366;0.0;587;90.0;96.0
2717;3.0;587;96.0;96.0
1492;0.0;588;20.0;204.5
2365;1.0;588;21.0;204.5
1980;1.0;588;40.0;204.5
2426;14.0;588;50.0;204.5
812;4.0;588;50.0;204.5
1602;3.0;588;70.0;204.5
544;0.0;588;72.0;204.5
664;61.0;588;99.0;204.5
198;14.0;588;130.0;204.5
1854;13.0;588;135.0;204.5
2074;58.0;588;151.5;204.5
1376;30.0;588;180.0;204.5
1375;30.0;588;202.0;204.5
1688;44.0;588;204.5;204.5
2009;0.0;589;1.0;117.5
435;0.0;589;10.0;117.5
1453;0.0;589;17.0;117.5
3369;3.0;589;21.0;117.5
738;0.0;589;28.0;117.5
1769;1.0;589;30.01;117.5
2347;4.0;589;45.0;117.5
1606;3.0;589;75.0;117.5
2471;0.0;589;82.0;117.5
2720;4.0;589;88.0;117.5
1713;49.0;589;90.0;117.5
2041;19.0;589;95.0;117.5
2682;7.0;589;98.0;117.5
1418;0.0;589;115.0;117.5
2179;0.0;590;2.0;265.0
197;8.0;590;20.0;265.0
73;0.0;590;34.0;265.0
1870;7.0;590;85.0;265.0
283;3.0;590;107.5;265.0
700;24.0;590;120.0;265.0
1295;0.0;590;126.0;265.0
1544;0.0;590;175.0;265.0
1050;17.0;590;210.0;265.0
1667;0.0;591;0.02;86.0
201;65.0;591;10.27;86.0
623;2.0;591;45.0;86.0
450;0.0;591;52.0;86.0
2017;3.0;591;65.0;86.0
2963;0.0;591;85.0;86.0
444;0.0;592;30.99;127.5
1997;0.0;592;38.0;127.5
1963;0.0;592;55.0;127.5
2248;0.0;592;77.75;127.5
3095;6.0;592;84.0;127.5
164;1.0;592;102.52;127.5
2866;24.0;592;105.17;127.5
1457;0.0;592;115.0;127.5
1904;29.0;593;88.0;140.5
2359;24.0;593;99.5;140.5
813;20.0;593;120.0;140.5
958;26.0;593;138.0;140.5
1585;68.0;593;140.5;140.5
1876;0.0;594;15.99;199.0
1409;0.0;594;50.0;199.0
1939;0.0;594;115.0;199.0
1736;4.0;594;120.0;199.0
2093;2.0;594;130.0;199.0
121;18.0;594;160.0;199.0
1617;8.0;594;175.0;199.0
3242;4.0;594;199.0;199.0
2121;22.0;595;1.04;122.5
2073;2.0;595;2.0;122.5
3233;5.0;595;20.0;122.5
2913;1.0;595;21.0;122.5
3378;0.0;595;40.0;122.5
2463;5.0;595;40.0;122.5
2853;5.0;595;78.0;122.5
52;48.0;595;87.0;122.5
2414;0.0;595;89.0;122.5
2429;13.0;595;92.0;122.5
616;22.0;595;105.0;122.5
1015;25.0;595;120.0;122.5
1753;4.0;595;122.5;122.5
2799;0.0;597;20.0;112.5
2193;0.0;597;75.0;112.5
2770;4.0;597;100.0;112.5
3019;4.0;597;112.5;112.5
3124;115.0;598;24.99;115.5
2157;0.0;598;30.0;115.5
612;4.0;598;32.0;115.5
2606;19.0;598;70.0;115.5
1394;83.0;598;85.0;115.5
2442;147.0;598;95.59;115.5
2501;45.0;598;113.0;115.5
1150;88.0;598;115.5;115.5
191;0.0;599;120.0;183.56
1666;49.0;599;155.0;183.56
303;171.0;599;181.06;183.56
310;19.0;599;183.56;183.56
114;0.0;600;20.0;119.5
1294;7.0;600;55.0;119.5
3316;0.0;600;60.0;119.5
1326;0.0;600;82.0;119.5
707;17.0;600;85.0;119.5
379;0.0;600;110.0;119.5
3003;28.0;601;75.0;105.01
3078;37.0;601;80.0;105.01
3188;275.0;601;90.01;105.01
987;2.0;601;100.0;105.01
2672;7.0;601;100.0;105.01
474;158.0;601;105.0;105.01
405;1.0;602;1.5;142.5
1591;0.0;602;7.0;142.5
227;211.0;602;25.0;142.5
2254;3.0;602;31.99;142.5
2760;7.0;602;54.0;142.5
2815;11.0;602;75.0;142.5
3287;26.0;602;77.77;142.5
358;3.0;602;85.0;142.5
466;7.0;602;87.0;142.5
2332;12.0;602;130.0;142.5
2226;34.0;602;140.0;142.5
3125;0.0;603;24.99;104.09
167;5.0;603;30.0;104.09
2567;0.0;603;35.0;104.09
94;0.0;603;40.0;104.09
1531;0.0;603;60.0;104.09
1509;3.0;603;60.0;104.09
2453;0.0;603;62.0;104.09
453;145.0;603;96.0;104.09
2039;2.0;603;104.09;104.09
1010;30.0;604;9.99;31.0
774;0.0;604;10.49;31.0
2718;29.0;604;21.64;31.0
1285;46.0;604;30.0;31.0
2049;24.0;605;44.0;120.0
2876;5.0;605;50.0;120.0
272;0.0;605;75.0;120.0
2478;13.0;605;82.0;120.0
299;3.0;605;85.0;120.0
406;36.0;605;110.0;120.0
40;20.0;605;115.0;120.0
2031;41.0;605;115.0;120.0
2374;22.0;606;100.0;127.5
1826;0.0;606;113.0;127.5
618;4.0;606;118.0;127.5
386;9.0;606;125.0;127.5
3382;29.0;607;1.0;40.0
1069;12.0;607;2.5;40.0
80;3.0;607;8.0;40.0
2740;20.0;607;11.5;40.0
1060;261.0;607;15.55;40.0
1137;31.0;607;25.55;40.0
1599;1.0;607;30.0;40.0
1121;7.0;607;35.0;40.0
3193;0.0;607;35.0;40.0
160;10.0;607;39.0;40.0
1603;2.0;608;60.03;127.5
2989;2.0;608;100.0;127.5
2857;27.0;608;125.0;127.5
841;3.0;608;127.5;127.5
2021;321.0;609;40.0;150.0
2813;4.0;609;42.0;150.0
2640;0.0;609;50.0;150.0
762;20.0;609;55.0;150.0
1493;18.0;609;95.0;150.0
1317;1.0;609;127.0;150.0
3302;0.0;609;140.0;150.0
897;1.0;609;150.0;150.0
739;1.0;610;51.0;122.5
189;0.0;610;77.0;122.5
1859;7.0;610;105.0;122.5
2942;5.0;611;60.0;122.5
703;0.0;611;60.0;122.5
3275;33.0;611;61.0;122.5
916;21.0;611;63.0;122.5
2265;19.0;611;85.0;122.5
1165;14.0;611;90.0;122.5
3358;8.0;611;106.0;122.5
3056;25.0;612;55.0;89.88
3058;25.0;612;60.0;89.88
1101;7.0;612;62.0;89.88
307;0.0;612;88.88;89.88
579;2.0;613;0.1;90.01
1627;0.0;613;2.25;90.01
875;2.0;613;25.0;90.01
298;3.0;613;40.0;90.01
29;0.0;613;50.0;90.01
1265;268.0;613;90.01;90.01
1861;0.0;614;30.0;107.5
2874;9.0;614;97.0;107.5
475;3.0;614;102.5;107.5
2945;2.0;614;105.0;107.5
2343;0.0;615;61.0;152.5
1581;1.0;615;80.0;152.5
2230;1.0;615;80.0;152.5
1557;76.0;615;95.32;152.5
1949;20.0;615;105.0;152.5
1442;-1.0;615;120.0;152.5
3212;11.0;615;125.0;152.5
375;5.0;616;1.15;127.5
2739;0.0;616;10.0;127.5
2153;9.0;616;11.0;127.5
3143;10.0;616;70.0;127.5
1951;0.0;616;80.0;127.5
23;3.0;616;82.0;127.5
2508;5.0;616;90.0;127.5
2908;100.0;616;102.99;127.5
1518;0.0;617;17.75;127.5
2889;3.0;617;26.0;127.5
2479;16.0;617;60.0;127.5
1863;0.0;617;90.0;127.5
1393;1.0;617;100.0;127.5
412;0.0;617;125.0;127.5
2263;4.0;617;127.5;127.5
1004;32.0;618;23.0;85.07
273;322.0;618;50.0;85.07
1952;6.0;618;55.0;85.07
871;32.0;618;66.51;85.07
3029;0.0;618;70.0;85.07
2673;0.0;618;72.0;85.07
1262;0.0;618;82.0;85.07
817;8.0;618;84.07;85.07
820;0.0;619;1.04;122.5
2315;0.0;619;47.0;122.5
2617;3.0;619;50.0;122.5
2119;4.0;619;80.0;122.5
3364;0.0;619;120.0;122.5
376;3.0;619;122.5;122.5
760;1.0;620;110.05;128.5
2260;17.0;620;115.5;128.5
945;4.0;620;120.0;128.5
2888;28.0;620;120.5;128.5
2860;8.0;621;100.99;132.5
1115;132.0;621;110.0;132.5
1143;113.0;621;119.0;132.5
957;0.0;622;0.99;91.01
432;6.0;622;10.5;91.01
3103;25.0;622;27.5;91.01
383;0.0;622;30.0;91.01
1259;8.0;622;50.0;91.01
552;3.0;622;73.0;91.01
2802;0.0;622;87.0;91.01
2691;1.0;622;90.0;91.01
1476;1.0;623;60.0;135.29
1382;39.0;623;85.0;135.29
3267;8.0;623;115.29;135.29
351;7.0;623;125.0;135.29
1098;5.0;624;50.0;150.0
1812;0.0;624;51.0;150.0
183;0.0;624;100.0;150.0
132;9.0;625;90.0;152.5
2999;9.0;625;110.0;152.5
2705;20.0;625;130.0;152.5
3187;2.0;625;145.0;152.5
369;20.0;626;5.0;61.0
2956;661.0;626;15.0;61.0
770;4.0;626;20.0;61.0
1018;7.0;626;30.0;61.0
690;41.0;626;30.0;61.0
2843;79.0;626;40.0;61.0
633;19.0;626;50.0;61.0
826;295.0;626;55.99;61.0
1535;6.0;627;6.52;35.09
2007;25.0;627;15.0;35.09
2113;13.0;627;25.0;35.09
3320;80.0;627;35.0;35.09
317;114.0;627;35.09;35.09
